/*
Navicat MySQL Data Transfer

Source Server         : localhost
Source Server Version : 50024
Source Host           : localhost:3309
Source Database       : mrbird

Target Server Type    : MYSQL
Target Server Version : 50024
File Encoding         : 65001

Date: 2019-08-15 00:11:10
*/

SET FOREIGN_KEY_CHECKS=0;

-- ----------------------------
-- Table structure for `jcc_areacode_info`
-- ----------------------------
DROP TABLE IF EXISTS `jcc_areacode_info`;
CREATE TABLE `jcc_areacode_info` (
  `area_code` char(30) NOT NULL,
  `province_name` char(30) default NULL,
  `city_name` char(30) default NULL,
  `country` char(30) default NULL,
  PRIMARY KEY  (`area_code`)
) ENGINE=InnoDB DEFAULT CHARSET=utf8;

-- ----------------------------
-- Records of jcc_areacode_info
-- ----------------------------
INSERT INTO `jcc_areacode_info` VALUES ('1001', '湖南省', '长沙市', '雨花区');
INSERT INTO `jcc_areacode_info` VALUES ('1002', '湖南省', '长沙市', '天心区');

-- ----------------------------
-- Table structure for `jcc_classroom_info`
-- ----------------------------
DROP TABLE IF EXISTS `jcc_classroom_info`;
CREATE TABLE `jcc_classroom_info` (
  `id` int(11) NOT NULL,
  `school_id` int(11) default NULL,
  `location` char(100) default NULL,
  `contain_num` int(11) default NULL,
  `purpose` char(100) default NULL,
  `url` char(100) default NULL,
  `state` int(11) default NULL,
  PRIMARY KEY  (`id`),
  KEY `FK_Reference_22` (`school_id`),
  CONSTRAINT `FK_Reference_22` FOREIGN KEY (`school_id`) REFERENCES `jcc_school_info` (`school_id`)
) ENGINE=InnoDB DEFAULT CHARSET=utf8;

-- ----------------------------
-- Records of jcc_classroom_info
-- ----------------------------

-- ----------------------------
-- Table structure for `jcc_class_info`
-- ----------------------------
DROP TABLE IF EXISTS `jcc_class_info`;
CREATE TABLE `jcc_class_info` (
  `class_id` int(11) NOT NULL,
  `class_name` varchar(30) default NULL,
  `username` varchar(30) default NULL,
  `grade_id` int(11) default NULL,
  `year` char(20) default NULL,
  PRIMARY KEY  (`class_id`),
  KEY `FK_Reference_18` (`grade_id`),
  CONSTRAINT `FK_Reference_18` FOREIGN KEY (`grade_id`) REFERENCES `jcc_grade_info` (`grade_id`)
) ENGINE=InnoDB DEFAULT CHARSET=utf8;

-- ----------------------------
-- Records of jcc_class_info
-- ----------------------------

-- ----------------------------
-- Table structure for `jcc_device_info`
-- ----------------------------
DROP TABLE IF EXISTS `jcc_device_info`;
CREATE TABLE `jcc_device_info` (
  `device_id` int(11) NOT NULL,
  `device_name` varchar(30) default NULL,
  `school_id` int(11) NOT NULL,
  `username` varchar(30) default NULL,
  `buyt_time` date default NULL,
  `device_type` varchar(30) default NULL,
  `firm_id` int(11) default NULL,
  `id` int(11) default NULL,
  PRIMARY KEY  (`device_id`),
  KEY `FK_Reference_15` (`school_id`),
  KEY `FK_Reference_21` (`firm_id`),
  KEY `FK_Reference_28` (`id`),
  CONSTRAINT `FK_Reference_15` FOREIGN KEY (`school_id`) REFERENCES `jcc_school_info` (`school_id`),
  CONSTRAINT `FK_Reference_21` FOREIGN KEY (`firm_id`) REFERENCES `jcc_firm_info` (`firm_id`),
  CONSTRAINT `FK_Reference_28` FOREIGN KEY (`id`) REFERENCES `jcc_classroom_info` (`id`)
) ENGINE=InnoDB DEFAULT CHARSET=utf8;

-- ----------------------------
-- Records of jcc_device_info
-- ----------------------------

-- ----------------------------
-- Table structure for `jcc_device_usage`
-- ----------------------------
DROP TABLE IF EXISTS `jcc_device_usage`;
CREATE TABLE `jcc_device_usage` (
  `devuse_id` int(11) NOT NULL,
  `device_id` int(11) default NULL,
  `start_time` date default NULL,
  `end_time` date default NULL,
  PRIMARY KEY  (`devuse_id`),
  KEY `FK_Reference_20` (`device_id`),
  CONSTRAINT `FK_Reference_20` FOREIGN KEY (`device_id`) REFERENCES `jcc_device_info` (`device_id`)
) ENGINE=InnoDB DEFAULT CHARSET=utf8;

-- ----------------------------
-- Records of jcc_device_usage
-- ----------------------------

-- ----------------------------
-- Table structure for `jcc_firm_info`
-- ----------------------------
DROP TABLE IF EXISTS `jcc_firm_info`;
CREATE TABLE `jcc_firm_info` (
  `firm_id` int(11) NOT NULL,
  `firm_name` varchar(30) default NULL,
  PRIMARY KEY  (`firm_id`)
) ENGINE=InnoDB DEFAULT CHARSET=utf8;

-- ----------------------------
-- Records of jcc_firm_info
-- ----------------------------

-- ----------------------------
-- Table structure for `jcc_grade_info`
-- ----------------------------
DROP TABLE IF EXISTS `jcc_grade_info`;
CREATE TABLE `jcc_grade_info` (
  `grade_id` int(11) NOT NULL,
  `grade_name` varchar(30) default NULL,
  `school_id` int(11) default NULL,
  PRIMARY KEY  (`grade_id`),
  KEY `FK_Reference_23` (`school_id`),
  CONSTRAINT `FK_Reference_23` FOREIGN KEY (`school_id`) REFERENCES `jcc_school_info` (`school_id`)
) ENGINE=InnoDB DEFAULT CHARSET=utf8;

-- ----------------------------
-- Records of jcc_grade_info
-- ----------------------------

-- ----------------------------
-- Table structure for `jcc_operate_desc`
-- ----------------------------
DROP TABLE IF EXISTS `jcc_operate_desc`;
CREATE TABLE `jcc_operate_desc` (
  `id` int(11) NOT NULL,
  `title` char(100) default NULL,
  `author` char(50) default NULL,
  `upload_time` date default NULL,
  `update_time` date default NULL,
  `attach_address` char(100) default NULL,
  PRIMARY KEY  (`id`)
) ENGINE=InnoDB DEFAULT CHARSET=utf8;

-- ----------------------------
-- Records of jcc_operate_desc
-- ----------------------------

-- ----------------------------
-- Table structure for `jcc_resource_evaluate_info`
-- ----------------------------
DROP TABLE IF EXISTS `jcc_resource_evaluate_info`;
CREATE TABLE `jcc_resource_evaluate_info` (
  `id` int(11) NOT NULL,
  `product_id` int(11) default NULL,
  `comment_content` longtext,
  `comment_date` date default NULL,
  `comment_user` char(50) default NULL,
  `score` int(11) default NULL,
  PRIMARY KEY  (`id`),
  KEY `FK_Reference_25` (`product_id`),
  CONSTRAINT `FK_Reference_25` FOREIGN KEY (`product_id`) REFERENCES `jcc_resource_info` (`product_id`)
) ENGINE=InnoDB DEFAULT CHARSET=utf8;

-- ----------------------------
-- Records of jcc_resource_evaluate_info
-- ----------------------------

-- ----------------------------
-- Table structure for `jcc_resource_info`
-- ----------------------------
DROP TABLE IF EXISTS `jcc_resource_info`;
CREATE TABLE `jcc_resource_info` (
  `product_id` int(11) NOT NULL,
  `product_name` varchar(30) NOT NULL,
  `school_id` int(11) default NULL,
  `grade_id` int(11) default NULL,
  `subject_id` int(11) default NULL,
  `resource_location` varchar(250) default NULL,
  `username` varchar(30) default NULL,
  `create_time` date default NULL,
  `modify_time` date default NULL,
  `resouce_type` int(11) default NULL,
  `rrtlevel1` int(11) default NULL,
  `auditstatus` int(11) default NULL,
  `resouce_order` int(11) default NULL,
  PRIMARY KEY  (`product_id`),
  KEY `FK_Reference_13` (`school_id`),
  KEY `FK_Reference_19` (`grade_id`),
  KEY `FK_Reference_26` (`subject_id`),
  CONSTRAINT `FK_Reference_13` FOREIGN KEY (`school_id`) REFERENCES `jcc_school_info` (`school_id`),
  CONSTRAINT `FK_Reference_19` FOREIGN KEY (`grade_id`) REFERENCES `jcc_grade_info` (`grade_id`),
  CONSTRAINT `FK_Reference_26` FOREIGN KEY (`subject_id`) REFERENCES `jcc_subject_info` (`subject_id`)
) ENGINE=InnoDB DEFAULT CHARSET=utf8;

-- ----------------------------
-- Records of jcc_resource_info
-- ----------------------------

-- ----------------------------
-- Table structure for `jcc_school_info`
-- ----------------------------
DROP TABLE IF EXISTS `jcc_school_info`;
CREATE TABLE `jcc_school_info` (
  `school_id` int(11) NOT NULL,
  `school_name` varchar(30) default NULL,
  `introduce` varchar(1000) default NULL,
  `school_type` varchar(30) default NULL,
  `linkman` varchar(30) default NULL,
  `linkphone` varchar(20) default NULL,
  `postcode` varchar(10) default NULL,
  `area_code` char(30) default NULL,
  `address` varchar(100) default NULL,
  `lng` varchar(20) default NULL,
  `lat` varchar(20) default NULL,
  `create_time` date default NULL,
  `certificate_book` char(100) default NULL,
  `country_leader_name` char(50) default NULL,
  `country_date` date default NULL,
  `city_leader_name` char(50) default NULL,
  `city_date` date default NULL,
  `province_leader_name` char(50) default NULL,
  `province_date` date default NULL,
  PRIMARY KEY  (`school_id`),
  KEY `FK_Reference_31` (`area_code`),
  CONSTRAINT `FK_Reference_31` FOREIGN KEY (`area_code`) REFERENCES `jcc_areacode_info` (`area_code`)
) ENGINE=InnoDB DEFAULT CHARSET=utf8;

-- ----------------------------
-- Records of jcc_school_info
-- ----------------------------

-- ----------------------------
-- Table structure for `jcc_school_timetable`
-- ----------------------------
DROP TABLE IF EXISTS `jcc_school_timetable`;
CREATE TABLE `jcc_school_timetable` (
  `id` int(11) NOT NULL,
  `user_id` int(11) default NULL,
  `course_name` char(50) default NULL,
  `begin_date` date default NULL,
  `duration` int(11) default NULL,
  `school` char(100) default NULL,
  `grade` char(30) default NULL,
  `class_id` char(30) default NULL,
  `subject` char(50) default NULL,
  `term` char(30) default NULL,
  PRIMARY KEY  (`id`),
  KEY `FK_Reference_27` (`user_id`),
  CONSTRAINT `FK_Reference_27` FOREIGN KEY (`user_id`) REFERENCES `t_user` (`USER_ID`)
) ENGINE=InnoDB DEFAULT CHARSET=utf8;

-- ----------------------------
-- Records of jcc_school_timetable
-- ----------------------------

-- ----------------------------
-- Table structure for `jcc_subject_info`
-- ----------------------------
DROP TABLE IF EXISTS `jcc_subject_info`;
CREATE TABLE `jcc_subject_info` (
  `subject_id` int(11) NOT NULL,
  `subject_name` char(50) default NULL,
  PRIMARY KEY  (`subject_id`)
) ENGINE=InnoDB DEFAULT CHARSET=utf8;

-- ----------------------------
-- Records of jcc_subject_info
-- ----------------------------

-- ----------------------------
-- Table structure for `jcc_topic_info`
-- ----------------------------
DROP TABLE IF EXISTS `jcc_topic_info`;
CREATE TABLE `jcc_topic_info` (
  `special_id` int(11) NOT NULL,
  `special_name` varchar(30) default NULL,
  `create_date` date default NULL,
  `create_user` char(30) default NULL,
  `state` int(11) default NULL,
  `update_date` date default NULL,
  `update_user` char(30) default NULL,
  `special_desc` char(200) default NULL,
  PRIMARY KEY  (`special_id`)
) ENGINE=InnoDB DEFAULT CHARSET=utf8;

-- ----------------------------
-- Records of jcc_topic_info
-- ----------------------------

-- ----------------------------
-- Table structure for `jcc_topic_resource`
-- ----------------------------
DROP TABLE IF EXISTS `jcc_topic_resource`;
CREATE TABLE `jcc_topic_resource` (
  `special_id` int(11) NOT NULL,
  `product_id` int(11) NOT NULL,
  PRIMARY KEY  (`special_id`,`product_id`),
  KEY `FK_Reference_24` (`product_id`),
  CONSTRAINT `FK_Reference_17` FOREIGN KEY (`special_id`) REFERENCES `jcc_topic_info` (`special_id`),
  CONSTRAINT `FK_Reference_24` FOREIGN KEY (`product_id`) REFERENCES `jcc_resource_info` (`product_id`)
) ENGINE=InnoDB DEFAULT CHARSET=utf8;

-- ----------------------------
-- Records of jcc_topic_resource
-- ----------------------------

-- ----------------------------
-- Table structure for `qrtz_blob_triggers`
-- ----------------------------
DROP TABLE IF EXISTS `qrtz_blob_triggers`;
CREATE TABLE `qrtz_blob_triggers` (
  `SCHED_NAME` varchar(120) NOT NULL,
  `TRIGGER_NAME` varchar(200) NOT NULL,
  `TRIGGER_GROUP` varchar(200) NOT NULL,
  `BLOB_DATA` blob,
  PRIMARY KEY  (`SCHED_NAME`,`TRIGGER_NAME`,`TRIGGER_GROUP`),
  CONSTRAINT `qrtz_blob_triggers_ibfk_1` FOREIGN KEY (`SCHED_NAME`, `TRIGGER_NAME`, `TRIGGER_GROUP`) REFERENCES `qrtz_triggers` (`SCHED_NAME`, `TRIGGER_NAME`, `TRIGGER_GROUP`)
) ENGINE=InnoDB DEFAULT CHARSET=utf8;

-- ----------------------------
-- Records of qrtz_blob_triggers
-- ----------------------------

-- ----------------------------
-- Table structure for `qrtz_calendars`
-- ----------------------------
DROP TABLE IF EXISTS `qrtz_calendars`;
CREATE TABLE `qrtz_calendars` (
  `SCHED_NAME` varchar(120) NOT NULL,
  `CALENDAR_NAME` varchar(200) NOT NULL,
  `CALENDAR` blob NOT NULL,
  PRIMARY KEY  (`SCHED_NAME`,`CALENDAR_NAME`)
) ENGINE=InnoDB DEFAULT CHARSET=utf8;

-- ----------------------------
-- Records of qrtz_calendars
-- ----------------------------

-- ----------------------------
-- Table structure for `qrtz_cron_triggers`
-- ----------------------------
DROP TABLE IF EXISTS `qrtz_cron_triggers`;
CREATE TABLE `qrtz_cron_triggers` (
  `SCHED_NAME` varchar(120) NOT NULL,
  `TRIGGER_NAME` varchar(200) NOT NULL,
  `TRIGGER_GROUP` varchar(200) NOT NULL,
  `CRON_EXPRESSION` varchar(200) NOT NULL,
  `TIME_ZONE_ID` varchar(80) default NULL,
  PRIMARY KEY  (`SCHED_NAME`,`TRIGGER_NAME`,`TRIGGER_GROUP`),
  CONSTRAINT `qrtz_cron_triggers_ibfk_1` FOREIGN KEY (`SCHED_NAME`, `TRIGGER_NAME`, `TRIGGER_GROUP`) REFERENCES `qrtz_triggers` (`SCHED_NAME`, `TRIGGER_NAME`, `TRIGGER_GROUP`)
) ENGINE=InnoDB DEFAULT CHARSET=utf8;

-- ----------------------------
-- Records of qrtz_cron_triggers
-- ----------------------------
INSERT INTO `qrtz_cron_triggers` VALUES ('MyScheduler', 'TASK_1', 'DEFAULT', '0/1 * * * * ?', 'Asia/Shanghai');
INSERT INTO `qrtz_cron_triggers` VALUES ('MyScheduler', 'TASK_11', 'DEFAULT', '0/5 * * * * ?', 'Asia/Shanghai');
INSERT INTO `qrtz_cron_triggers` VALUES ('MyScheduler', 'TASK_12', 'DEFAULT', '0/3 * * * * ?', 'Asia/Shanghai');
INSERT INTO `qrtz_cron_triggers` VALUES ('MyScheduler', 'TASK_13', 'DEFAULT', '0/3 * * * * ?', 'Asia/Shanghai');
INSERT INTO `qrtz_cron_triggers` VALUES ('MyScheduler', 'TASK_2', 'DEFAULT', '0/10 * * * * ?', 'Asia/Shanghai');
INSERT INTO `qrtz_cron_triggers` VALUES ('MyScheduler', 'TASK_3', 'DEFAULT', '0/1 * * * * ?', 'Asia/Shanghai');

-- ----------------------------
-- Table structure for `qrtz_fired_triggers`
-- ----------------------------
DROP TABLE IF EXISTS `qrtz_fired_triggers`;
CREATE TABLE `qrtz_fired_triggers` (
  `SCHED_NAME` varchar(120) NOT NULL,
  `ENTRY_ID` varchar(95) NOT NULL,
  `TRIGGER_NAME` varchar(200) NOT NULL,
  `TRIGGER_GROUP` varchar(200) NOT NULL,
  `INSTANCE_NAME` varchar(200) NOT NULL,
  `FIRED_TIME` bigint(13) NOT NULL,
  `SCHED_TIME` bigint(13) NOT NULL,
  `PRIORITY` int(11) NOT NULL,
  `STATE` varchar(16) NOT NULL,
  `JOB_NAME` varchar(200) default NULL,
  `JOB_GROUP` varchar(200) default NULL,
  `IS_NONCONCURRENT` varchar(1) default NULL,
  `REQUESTS_RECOVERY` varchar(1) default NULL,
  PRIMARY KEY  (`SCHED_NAME`,`ENTRY_ID`)
) ENGINE=InnoDB DEFAULT CHARSET=utf8;

-- ----------------------------
-- Records of qrtz_fired_triggers
-- ----------------------------

-- ----------------------------
-- Table structure for `qrtz_job_details`
-- ----------------------------
DROP TABLE IF EXISTS `qrtz_job_details`;
CREATE TABLE `qrtz_job_details` (
  `SCHED_NAME` varchar(120) NOT NULL,
  `JOB_NAME` varchar(200) NOT NULL,
  `JOB_GROUP` varchar(200) NOT NULL,
  `DESCRIPTION` varchar(250) default NULL,
  `JOB_CLASS_NAME` varchar(250) NOT NULL,
  `IS_DURABLE` varchar(1) NOT NULL,
  `IS_NONCONCURRENT` varchar(1) NOT NULL,
  `IS_UPDATE_DATA` varchar(1) NOT NULL,
  `REQUESTS_RECOVERY` varchar(1) NOT NULL,
  `JOB_DATA` blob,
  PRIMARY KEY  (`SCHED_NAME`,`JOB_NAME`,`JOB_GROUP`)
) ENGINE=InnoDB DEFAULT CHARSET=utf8;

-- ----------------------------
-- Records of qrtz_job_details
-- ----------------------------
INSERT INTO `qrtz_job_details` VALUES ('MyScheduler', 'TASK_1', 'DEFAULT', null, 'cc.mrbird.job.util.ScheduleJob', '0', '0', '0', '0', 0xACED0005737200156F72672E71756172747A2E4A6F62446174614D61709FB083E8BFA9B0CB020000787200266F72672E71756172747A2E7574696C732E537472696E674B65794469727479466C61674D61708208E8C3FBC55D280200015A0013616C6C6F77735472616E7369656E74446174617872001D6F72672E71756172747A2E7574696C732E4469727479466C61674D617013E62EAD28760ACE0200025A000564697274794C00036D617074000F4C6A6176612F7574696C2F4D61703B787001737200116A6176612E7574696C2E486173684D61700507DAC1C31660D103000246000A6C6F6164466163746F724900097468726573686F6C6478703F4000000000000C7708000000100000000174000D4A4F425F504152414D5F4B45597372001863632E6D72626972642E6A6F622E646F6D61696E2E4A6F62058D52AC1093A3040200084C00086265616E4E616D657400124C6A6176612F6C616E672F537472696E673B4C000A63726561746554696D657400104C6A6176612F7574696C2F446174653B4C000E63726F6E45787072657373696F6E71007E00094C00056A6F6249647400104C6A6176612F6C616E672F4C6F6E673B4C000A6D6574686F644E616D6571007E00094C0006706172616D7371007E00094C000672656D61726B71007E00094C000673746174757371007E00097870740008746573745461736B7372000E6A6176612E7574696C2E44617465686A81014B5974190300007870770800000161C6EB70707874000D302F31202A202A202A202A203F7372000E6A6176612E6C616E672E4C6F6E673B8BE490CC8F23DF0200014A000576616C7565787200106A6176612E6C616E672E4E756D62657286AC951D0B94E08B02000078700000000000000001740004746573747400066D7262697264740018E69C89E58F82E4BBBBE58AA1E8B083E5BAA6E6B58BE8AF95740001317800);
INSERT INTO `qrtz_job_details` VALUES ('MyScheduler', 'TASK_11', 'DEFAULT', null, 'cc.mrbird.job.util.ScheduleJob', '0', '0', '0', '0', 0xACED0005737200156F72672E71756172747A2E4A6F62446174614D61709FB083E8BFA9B0CB020000787200266F72672E71756172747A2E7574696C732E537472696E674B65794469727479466C61674D61708208E8C3FBC55D280200015A0013616C6C6F77735472616E7369656E74446174617872001D6F72672E71756172747A2E7574696C732E4469727479466C61674D617013E62EAD28760ACE0200025A000564697274794C00036D617074000F4C6A6176612F7574696C2F4D61703B787001737200116A6176612E7574696C2E486173684D61700507DAC1C31660D103000246000A6C6F6164466163746F724900097468726573686F6C6478703F4000000000000C7708000000100000000174000D4A4F425F504152414D5F4B45597372001863632E6D72626972642E6A6F622E646F6D61696E2E4A6F62058D52AC1093A3040200084C00086265616E4E616D657400124C6A6176612F6C616E672F537472696E673B4C000A63726561746554696D657400104C6A6176612F7574696C2F446174653B4C000E63726F6E45787072657373696F6E71007E00094C00056A6F6249647400104C6A6176612F6C616E672F4C6F6E673B4C000A6D6574686F644E616D6571007E00094C0006706172616D7371007E00094C000672656D61726B71007E00094C000673746174757371007E00097870740008746573745461736B7372000E6A6176612E7574696C2E44617465686A81014B5974190300007870770800000161D01BAC507874000D302F35202A202A202A202A203F7372000E6A6176612E6C616E672E4C6F6E673B8BE490CC8F23DF0200014A000576616C7565787200106A6176612E6C616E672E4E756D62657286AC951D0B94E08B0200007870000000000000000B74000574657374327074000CE6B58BE8AF95E5BC82E5B8B8740001317800);
INSERT INTO `qrtz_job_details` VALUES ('MyScheduler', 'TASK_12', 'DEFAULT', null, 'cc.mrbird.job.util.ScheduleJob', '0', '0', '0', '0', 0xACED0005737200156F72672E71756172747A2E4A6F62446174614D61709FB083E8BFA9B0CB020000787200266F72672E71756172747A2E7574696C732E537472696E674B65794469727479466C61674D61708208E8C3FBC55D280200015A0013616C6C6F77735472616E7369656E74446174617872001D6F72672E71756172747A2E7574696C732E4469727479466C61674D617013E62EAD28760ACE0200025A000564697274794C00036D617074000F4C6A6176612F7574696C2F4D61703B787001737200116A6176612E7574696C2E486173684D61700507DAC1C31660D103000246000A6C6F6164466163746F724900097468726573686F6C6478703F4000000000000C7708000000100000000174000D4A4F425F504152414D5F4B45597372001863632E6D72626972642E6A6F622E646F6D61696E2E4A6F62058D52AC1093A3040200084C00086265616E4E616D657400124C6A6176612F6C616E672F537472696E673B4C000A63726561746554696D657400104C6A6176612F7574696C2F446174653B4C000E63726F6E45787072657373696F6E71007E00094C00056A6F6249647400104C6A6176612F6C616E672F4C6F6E673B4C000A6D6574686F644E616D6571007E00094C0006706172616D7371007E00094C000672656D61726B71007E00094C000673746174757371007E00097870740008746573745461736B7372000E6A6176612E7574696C2E44617465686A81014B597419030000787077080000016C888002F57874000D302F33202A202A202A202A203F7372000E6A6176612E6C616E672E4C6F6E673B8BE490CC8F23DF0200014A000576616C7565787200106A6176612E6C616E672E4E756D62657286AC951D0B94E08B0200007870000000000000000C74000574657374327074000CE5BC82E5B8B8E6B58BE8AF95740001317800);
INSERT INTO `qrtz_job_details` VALUES ('MyScheduler', 'TASK_13', 'DEFAULT', null, 'cc.mrbird.job.util.ScheduleJob', '0', '0', '0', '0', 0xACED0005737200156F72672E71756172747A2E4A6F62446174614D61709FB083E8BFA9B0CB020000787200266F72672E71756172747A2E7574696C732E537472696E674B65794469727479466C61674D61708208E8C3FBC55D280200015A0013616C6C6F77735472616E7369656E74446174617872001D6F72672E71756172747A2E7574696C732E4469727479466C61674D617013E62EAD28760ACE0200025A000564697274794C00036D617074000F4C6A6176612F7574696C2F4D61703B787001737200116A6176612E7574696C2E486173684D61700507DAC1C31660D103000246000A6C6F6164466163746F724900097468726573686F6C6478703F4000000000000C7708000000100000000174000D4A4F425F504152414D5F4B45597372001863632E6D72626972642E6A6F622E646F6D61696E2E4A6F62058D52AC1093A3040200084C00086265616E4E616D657400124C6A6176612F6C616E672F537472696E673B4C000A63726561746554696D657400104C6A6176612F7574696C2F446174653B4C000E63726F6E45787072657373696F6E71007E00094C00056A6F6249647400104C6A6176612F6C616E672F4C6F6E673B4C000A6D6574686F644E616D6571007E00094C0006706172616D7371007E00094C000672656D61726B71007E00094C000673746174757371007E00097870740008746573745461736B7372000E6A6176612E7574696C2E44617465686A81014B597419030000787077080000016C8880633A7874000D302F33202A202A202A202A203F7372000E6A6176612E6C616E672E4C6F6E673B8BE490CC8F23DF0200014A000576616C7565787200106A6176612E6C616E672E4E756D62657286AC951D0B94E08B0200007870000000000000000D74000574657374327074000CE5BC82E5B8B8E6B58BE8AF95740001317800);
INSERT INTO `qrtz_job_details` VALUES ('MyScheduler', 'TASK_2', 'DEFAULT', null, 'cc.mrbird.job.util.ScheduleJob', '0', '0', '0', '0', 0xACED0005737200156F72672E71756172747A2E4A6F62446174614D61709FB083E8BFA9B0CB020000787200266F72672E71756172747A2E7574696C732E537472696E674B65794469727479466C61674D61708208E8C3FBC55D280200015A0013616C6C6F77735472616E7369656E74446174617872001D6F72672E71756172747A2E7574696C732E4469727479466C61674D617013E62EAD28760ACE0200025A000564697274794C00036D617074000F4C6A6176612F7574696C2F4D61703B787001737200116A6176612E7574696C2E486173684D61700507DAC1C31660D103000246000A6C6F6164466163746F724900097468726573686F6C6478703F4000000000000C7708000000100000000174000D4A4F425F504152414D5F4B45597372001863632E6D72626972642E6A6F622E646F6D61696E2E4A6F62058D52AC1093A3040200084C00086265616E4E616D657400124C6A6176612F6C616E672F537472696E673B4C000A63726561746554696D657400104C6A6176612F7574696C2F446174653B4C000E63726F6E45787072657373696F6E71007E00094C00056A6F6249647400104C6A6176612F6C616E672F4C6F6E673B4C000A6D6574686F644E616D6571007E00094C0006706172616D7371007E00094C000672656D61726B71007E00094C000673746174757371007E00097870740008746573745461736B7372000E6A6176612E7574696C2E44617465686A81014B5974190300007870770800000161C71032987874000E302F3130202A202A202A202A203F7372000E6A6176612E6C616E672E4C6F6E673B8BE490CC8F23DF0200014A000576616C7565787200106A6176612E6C616E672E4E756D62657286AC951D0B94E08B02000078700000000000000002740005746573743170740018E697A0E58F82E4BBBBE58AA1E8B083E5BAA6E6B58BE8AF95740001317800);
INSERT INTO `qrtz_job_details` VALUES ('MyScheduler', 'TASK_3', 'DEFAULT', null, 'cc.mrbird.job.util.ScheduleJob', '0', '0', '0', '0', 0xACED0005737200156F72672E71756172747A2E4A6F62446174614D61709FB083E8BFA9B0CB020000787200266F72672E71756172747A2E7574696C732E537472696E674B65794469727479466C61674D61708208E8C3FBC55D280200015A0013616C6C6F77735472616E7369656E74446174617872001D6F72672E71756172747A2E7574696C732E4469727479466C61674D617013E62EAD28760ACE0200025A000564697274794C00036D617074000F4C6A6176612F7574696C2F4D61703B787001737200116A6176612E7574696C2E486173684D61700507DAC1C31660D103000246000A6C6F6164466163746F724900097468726573686F6C6478703F4000000000000C7708000000100000000174000D4A4F425F504152414D5F4B45597372001863632E6D72626972642E6A6F622E646F6D61696E2E4A6F62058D52AC1093A3040200084C00086265616E4E616D657400124C6A6176612F6C616E672F537472696E673B4C000A63726561746554696D657400104C6A6176612F7574696C2F446174653B4C000E63726F6E45787072657373696F6E71007E00094C00056A6F6249647400104C6A6176612F6C616E672F4C6F6E673B4C000A6D6574686F644E616D6571007E00094C0006706172616D7371007E00094C000672656D61726B71007E00094C000673746174757371007E00097870740008746573745461736B7372000E6A6176612E7574696C2E44617465686A81014B5974190300007870770800000161CFB9A6907874000D302F31202A202A202A202A203F7372000E6A6176612E6C616E672E4C6F6E673B8BE490CC8F23DF0200014A000576616C7565787200106A6176612E6C616E672E4E756D62657286AC951D0B94E08B020000787000000000000000037400047465737474000B68656C6C6F20776F726C6474002BE69C89E58F82E4BBBBE58AA1E8B083E5BAA6E6B58BE8AF952CE6AF8FE99A94E4B880E7A792E8A7A6E58F91740001317800);

-- ----------------------------
-- Table structure for `qrtz_locks`
-- ----------------------------
DROP TABLE IF EXISTS `qrtz_locks`;
CREATE TABLE `qrtz_locks` (
  `SCHED_NAME` varchar(120) NOT NULL,
  `LOCK_NAME` varchar(40) NOT NULL,
  PRIMARY KEY  (`SCHED_NAME`,`LOCK_NAME`)
) ENGINE=InnoDB DEFAULT CHARSET=utf8;

-- ----------------------------
-- Records of qrtz_locks
-- ----------------------------
INSERT INTO `qrtz_locks` VALUES ('MyScheduler', 'STATE_ACCESS');
INSERT INTO `qrtz_locks` VALUES ('MyScheduler', 'TRIGGER_ACCESS');

-- ----------------------------
-- Table structure for `qrtz_paused_trigger_grps`
-- ----------------------------
DROP TABLE IF EXISTS `qrtz_paused_trigger_grps`;
CREATE TABLE `qrtz_paused_trigger_grps` (
  `SCHED_NAME` varchar(120) NOT NULL,
  `TRIGGER_GROUP` varchar(200) NOT NULL,
  PRIMARY KEY  (`SCHED_NAME`,`TRIGGER_GROUP`)
) ENGINE=InnoDB DEFAULT CHARSET=utf8;

-- ----------------------------
-- Records of qrtz_paused_trigger_grps
-- ----------------------------

-- ----------------------------
-- Table structure for `qrtz_scheduler_state`
-- ----------------------------
DROP TABLE IF EXISTS `qrtz_scheduler_state`;
CREATE TABLE `qrtz_scheduler_state` (
  `SCHED_NAME` varchar(120) NOT NULL,
  `INSTANCE_NAME` varchar(200) NOT NULL,
  `LAST_CHECKIN_TIME` bigint(13) NOT NULL,
  `CHECKIN_INTERVAL` bigint(13) NOT NULL,
  PRIMARY KEY  (`SCHED_NAME`,`INSTANCE_NAME`)
) ENGINE=InnoDB DEFAULT CHARSET=utf8;

-- ----------------------------
-- Records of qrtz_scheduler_state
-- ----------------------------
INSERT INTO `qrtz_scheduler_state` VALUES ('MyScheduler', 'DESKTOP-71RN1HQ1565754558622', '1565764674774', '15000');

-- ----------------------------
-- Table structure for `qrtz_simple_triggers`
-- ----------------------------
DROP TABLE IF EXISTS `qrtz_simple_triggers`;
CREATE TABLE `qrtz_simple_triggers` (
  `SCHED_NAME` varchar(120) NOT NULL,
  `TRIGGER_NAME` varchar(200) NOT NULL,
  `TRIGGER_GROUP` varchar(200) NOT NULL,
  `REPEAT_COUNT` bigint(7) NOT NULL,
  `REPEAT_INTERVAL` bigint(12) NOT NULL,
  `TIMES_TRIGGERED` bigint(10) NOT NULL,
  PRIMARY KEY  (`SCHED_NAME`,`TRIGGER_NAME`,`TRIGGER_GROUP`),
  CONSTRAINT `qrtz_simple_triggers_ibfk_1` FOREIGN KEY (`SCHED_NAME`, `TRIGGER_NAME`, `TRIGGER_GROUP`) REFERENCES `qrtz_triggers` (`SCHED_NAME`, `TRIGGER_NAME`, `TRIGGER_GROUP`)
) ENGINE=InnoDB DEFAULT CHARSET=utf8;

-- ----------------------------
-- Records of qrtz_simple_triggers
-- ----------------------------

-- ----------------------------
-- Table structure for `qrtz_simprop_triggers`
-- ----------------------------
DROP TABLE IF EXISTS `qrtz_simprop_triggers`;
CREATE TABLE `qrtz_simprop_triggers` (
  `SCHED_NAME` varchar(120) NOT NULL,
  `TRIGGER_NAME` varchar(200) NOT NULL,
  `TRIGGER_GROUP` varchar(200) NOT NULL,
  `STR_PROP_1` varchar(512) default NULL,
  `STR_PROP_2` varchar(512) default NULL,
  `STR_PROP_3` varchar(512) default NULL,
  `INT_PROP_1` int(11) default NULL,
  `INT_PROP_2` int(11) default NULL,
  `LONG_PROP_1` bigint(20) default NULL,
  `LONG_PROP_2` bigint(20) default NULL,
  `DEC_PROP_1` decimal(13,4) default NULL,
  `DEC_PROP_2` decimal(13,4) default NULL,
  `BOOL_PROP_1` varchar(1) default NULL,
  `BOOL_PROP_2` varchar(1) default NULL,
  PRIMARY KEY  (`SCHED_NAME`,`TRIGGER_NAME`,`TRIGGER_GROUP`),
  CONSTRAINT `qrtz_simprop_triggers_ibfk_1` FOREIGN KEY (`SCHED_NAME`, `TRIGGER_NAME`, `TRIGGER_GROUP`) REFERENCES `qrtz_triggers` (`SCHED_NAME`, `TRIGGER_NAME`, `TRIGGER_GROUP`)
) ENGINE=InnoDB DEFAULT CHARSET=utf8;

-- ----------------------------
-- Records of qrtz_simprop_triggers
-- ----------------------------

-- ----------------------------
-- Table structure for `qrtz_triggers`
-- ----------------------------
DROP TABLE IF EXISTS `qrtz_triggers`;
CREATE TABLE `qrtz_triggers` (
  `SCHED_NAME` varchar(120) NOT NULL,
  `TRIGGER_NAME` varchar(200) NOT NULL,
  `TRIGGER_GROUP` varchar(200) NOT NULL,
  `JOB_NAME` varchar(200) NOT NULL,
  `JOB_GROUP` varchar(200) NOT NULL,
  `DESCRIPTION` varchar(250) default NULL,
  `NEXT_FIRE_TIME` bigint(13) default NULL,
  `PREV_FIRE_TIME` bigint(13) default NULL,
  `PRIORITY` int(11) default NULL,
  `TRIGGER_STATE` varchar(16) NOT NULL,
  `TRIGGER_TYPE` varchar(8) NOT NULL,
  `START_TIME` bigint(13) NOT NULL,
  `END_TIME` bigint(13) default NULL,
  `CALENDAR_NAME` varchar(200) default NULL,
  `MISFIRE_INSTR` smallint(2) default NULL,
  `JOB_DATA` blob,
  PRIMARY KEY  (`SCHED_NAME`,`TRIGGER_NAME`,`TRIGGER_GROUP`),
  KEY `SCHED_NAME` (`SCHED_NAME`,`JOB_NAME`,`JOB_GROUP`),
  CONSTRAINT `qrtz_triggers_ibfk_1` FOREIGN KEY (`SCHED_NAME`, `JOB_NAME`, `JOB_GROUP`) REFERENCES `qrtz_job_details` (`SCHED_NAME`, `JOB_NAME`, `JOB_GROUP`)
) ENGINE=InnoDB DEFAULT CHARSET=utf8;

-- ----------------------------
-- Records of qrtz_triggers
-- ----------------------------
INSERT INTO `qrtz_triggers` VALUES ('MyScheduler', 'TASK_1', 'DEFAULT', 'TASK_1', 'DEFAULT', null, '1562810972000', '-1', '5', 'PAUSED', 'CRON', '1562810972000', '0', null, '2', 0xACED0005737200156F72672E71756172747A2E4A6F62446174614D61709FB083E8BFA9B0CB020000787200266F72672E71756172747A2E7574696C732E537472696E674B65794469727479466C61674D61708208E8C3FBC55D280200015A0013616C6C6F77735472616E7369656E74446174617872001D6F72672E71756172747A2E7574696C732E4469727479466C61674D617013E62EAD28760ACE0200025A000564697274794C00036D617074000F4C6A6176612F7574696C2F4D61703B787001737200116A6176612E7574696C2E486173684D61700507DAC1C31660D103000246000A6C6F6164466163746F724900097468726573686F6C6478703F4000000000000C7708000000100000000174000D4A4F425F504152414D5F4B45597372001863632E6D72626972642E6A6F622E646F6D61696E2E4A6F62058D52AC1093A3040200084C00086265616E4E616D657400124C6A6176612F6C616E672F537472696E673B4C000A63726561746554696D657400104C6A6176612F7574696C2F446174653B4C000E63726F6E45787072657373696F6E71007E00094C00056A6F6249647400104C6A6176612F6C616E672F4C6F6E673B4C000A6D6574686F644E616D6571007E00094C0006706172616D7371007E00094C000672656D61726B71007E00094C000673746174757371007E00097870740008746573745461736B7372000E6A6176612E7574696C2E44617465686A81014B5974190300007870770800000161C6EB70707874000D302F31202A202A202A202A203F7372000E6A6176612E6C616E672E4C6F6E673B8BE490CC8F23DF0200014A000576616C7565787200106A6176612E6C616E672E4E756D62657286AC951D0B94E08B02000078700000000000000001740004746573747400066D7262697264740018E69C89E58F82E4BBBBE58AA1E8B083E5BAA6E6B58BE8AF95740001317800);
INSERT INTO `qrtz_triggers` VALUES ('MyScheduler', 'TASK_11', 'DEFAULT', 'TASK_11', 'DEFAULT', null, '1562810975000', '-1', '5', 'PAUSED', 'CRON', '1562810972000', '0', null, '2', 0xACED0005737200156F72672E71756172747A2E4A6F62446174614D61709FB083E8BFA9B0CB020000787200266F72672E71756172747A2E7574696C732E537472696E674B65794469727479466C61674D61708208E8C3FBC55D280200015A0013616C6C6F77735472616E7369656E74446174617872001D6F72672E71756172747A2E7574696C732E4469727479466C61674D617013E62EAD28760ACE0200025A000564697274794C00036D617074000F4C6A6176612F7574696C2F4D61703B787001737200116A6176612E7574696C2E486173684D61700507DAC1C31660D103000246000A6C6F6164466163746F724900097468726573686F6C6478703F4000000000000C7708000000100000000174000D4A4F425F504152414D5F4B45597372001863632E6D72626972642E6A6F622E646F6D61696E2E4A6F62058D52AC1093A3040200084C00086265616E4E616D657400124C6A6176612F6C616E672F537472696E673B4C000A63726561746554696D657400104C6A6176612F7574696C2F446174653B4C000E63726F6E45787072657373696F6E71007E00094C00056A6F6249647400104C6A6176612F6C616E672F4C6F6E673B4C000A6D6574686F644E616D6571007E00094C0006706172616D7371007E00094C000672656D61726B71007E00094C000673746174757371007E00097870740008746573745461736B7372000E6A6176612E7574696C2E44617465686A81014B5974190300007870770800000161D01BAC507874000D302F35202A202A202A202A203F7372000E6A6176612E6C616E672E4C6F6E673B8BE490CC8F23DF0200014A000576616C7565787200106A6176612E6C616E672E4E756D62657286AC951D0B94E08B0200007870000000000000000B74000574657374327074000CE6B58BE8AF95E5BC82E5B8B8740001317800);
INSERT INTO `qrtz_triggers` VALUES ('MyScheduler', 'TASK_12', 'DEFAULT', 'TASK_12', 'DEFAULT', null, '1565658186000', '-1', '5', 'PAUSED', 'CRON', '1565658186000', '0', null, '2', 0xACED0005737200156F72672E71756172747A2E4A6F62446174614D61709FB083E8BFA9B0CB020000787200266F72672E71756172747A2E7574696C732E537472696E674B65794469727479466C61674D61708208E8C3FBC55D280200015A0013616C6C6F77735472616E7369656E74446174617872001D6F72672E71756172747A2E7574696C732E4469727479466C61674D617013E62EAD28760ACE0200025A000564697274794C00036D617074000F4C6A6176612F7574696C2F4D61703B787001737200116A6176612E7574696C2E486173684D61700507DAC1C31660D103000246000A6C6F6164466163746F724900097468726573686F6C6478703F4000000000000C7708000000100000000174000D4A4F425F504152414D5F4B45597372001863632E6D72626972642E6A6F622E646F6D61696E2E4A6F62058D52AC1093A3040200084C00086265616E4E616D657400124C6A6176612F6C616E672F537472696E673B4C000A63726561746554696D657400104C6A6176612F7574696C2F446174653B4C000E63726F6E45787072657373696F6E71007E00094C00056A6F6249647400104C6A6176612F6C616E672F4C6F6E673B4C000A6D6574686F644E616D6571007E00094C0006706172616D7371007E00094C000672656D61726B71007E00094C000673746174757371007E00097870740008746573745461736B7372000E6A6176612E7574696C2E44617465686A81014B597419030000787077080000016C888001107874000D302F33202A202A202A202A203F7372000E6A6176612E6C616E672E4C6F6E673B8BE490CC8F23DF0200014A000576616C7565787200106A6176612E6C616E672E4E756D62657286AC951D0B94E08B0200007870000000000000000C74000574657374327074000CE5BC82E5B8B8E6B58BE8AF95740001317800);
INSERT INTO `qrtz_triggers` VALUES ('MyScheduler', 'TASK_13', 'DEFAULT', 'TASK_13', 'DEFAULT', null, '1565658213000', '-1', '5', 'PAUSED', 'CRON', '1565658211000', '0', null, '2', 0xACED0005737200156F72672E71756172747A2E4A6F62446174614D61709FB083E8BFA9B0CB020000787200266F72672E71756172747A2E7574696C732E537472696E674B65794469727479466C61674D61708208E8C3FBC55D280200015A0013616C6C6F77735472616E7369656E74446174617872001D6F72672E71756172747A2E7574696C732E4469727479466C61674D617013E62EAD28760ACE0200025A000564697274794C00036D617074000F4C6A6176612F7574696C2F4D61703B787001737200116A6176612E7574696C2E486173684D61700507DAC1C31660D103000246000A6C6F6164466163746F724900097468726573686F6C6478703F4000000000000C7708000000100000000174000D4A4F425F504152414D5F4B45597372001863632E6D72626972642E6A6F622E646F6D61696E2E4A6F62058D52AC1093A3040200084C00086265616E4E616D657400124C6A6176612F6C616E672F537472696E673B4C000A63726561746554696D657400104C6A6176612F7574696C2F446174653B4C000E63726F6E45787072657373696F6E71007E00094C00056A6F6249647400104C6A6176612F6C616E672F4C6F6E673B4C000A6D6574686F644E616D6571007E00094C0006706172616D7371007E00094C000672656D61726B71007E00094C000673746174757371007E00097870740008746573745461736B7372000E6A6176612E7574696C2E44617465686A81014B597419030000787077080000016C888062B87874000D302F33202A202A202A202A203F7372000E6A6176612E6C616E672E4C6F6E673B8BE490CC8F23DF0200014A000576616C7565787200106A6176612E6C616E672E4E756D62657286AC951D0B94E08B0200007870000000000000000D74000574657374327074000CE5BC82E5B8B8E6B58BE8AF95740001317800);
INSERT INTO `qrtz_triggers` VALUES ('MyScheduler', 'TASK_2', 'DEFAULT', 'TASK_2', 'DEFAULT', null, '1562810980000', '-1', '5', 'PAUSED', 'CRON', '1562810972000', '0', null, '2', 0xACED0005737200156F72672E71756172747A2E4A6F62446174614D61709FB083E8BFA9B0CB020000787200266F72672E71756172747A2E7574696C732E537472696E674B65794469727479466C61674D61708208E8C3FBC55D280200015A0013616C6C6F77735472616E7369656E74446174617872001D6F72672E71756172747A2E7574696C732E4469727479466C61674D617013E62EAD28760ACE0200025A000564697274794C00036D617074000F4C6A6176612F7574696C2F4D61703B787001737200116A6176612E7574696C2E486173684D61700507DAC1C31660D103000246000A6C6F6164466163746F724900097468726573686F6C6478703F4000000000000C7708000000100000000174000D4A4F425F504152414D5F4B45597372001863632E6D72626972642E6A6F622E646F6D61696E2E4A6F62058D52AC1093A3040200084C00086265616E4E616D657400124C6A6176612F6C616E672F537472696E673B4C000A63726561746554696D657400104C6A6176612F7574696C2F446174653B4C000E63726F6E45787072657373696F6E71007E00094C00056A6F6249647400104C6A6176612F6C616E672F4C6F6E673B4C000A6D6574686F644E616D6571007E00094C0006706172616D7371007E00094C000672656D61726B71007E00094C000673746174757371007E00097870740008746573745461736B7372000E6A6176612E7574696C2E44617465686A81014B5974190300007870770800000161C71032987874000E302F3130202A202A202A202A203F7372000E6A6176612E6C616E672E4C6F6E673B8BE490CC8F23DF0200014A000576616C7565787200106A6176612E6C616E672E4E756D62657286AC951D0B94E08B02000078700000000000000002740005746573743170740018E697A0E58F82E4BBBBE58AA1E8B083E5BAA6E6B58BE8AF95740001317800);
INSERT INTO `qrtz_triggers` VALUES ('MyScheduler', 'TASK_3', 'DEFAULT', 'TASK_3', 'DEFAULT', null, '1562810972000', '-1', '5', 'PAUSED', 'CRON', '1562810972000', '0', null, '2', 0xACED0005737200156F72672E71756172747A2E4A6F62446174614D61709FB083E8BFA9B0CB020000787200266F72672E71756172747A2E7574696C732E537472696E674B65794469727479466C61674D61708208E8C3FBC55D280200015A0013616C6C6F77735472616E7369656E74446174617872001D6F72672E71756172747A2E7574696C732E4469727479466C61674D617013E62EAD28760ACE0200025A000564697274794C00036D617074000F4C6A6176612F7574696C2F4D61703B787001737200116A6176612E7574696C2E486173684D61700507DAC1C31660D103000246000A6C6F6164466163746F724900097468726573686F6C6478703F4000000000000C7708000000100000000174000D4A4F425F504152414D5F4B45597372001863632E6D72626972642E6A6F622E646F6D61696E2E4A6F62058D52AC1093A3040200084C00086265616E4E616D657400124C6A6176612F6C616E672F537472696E673B4C000A63726561746554696D657400104C6A6176612F7574696C2F446174653B4C000E63726F6E45787072657373696F6E71007E00094C00056A6F6249647400104C6A6176612F6C616E672F4C6F6E673B4C000A6D6574686F644E616D6571007E00094C0006706172616D7371007E00094C000672656D61726B71007E00094C000673746174757371007E00097870740008746573745461736B7372000E6A6176612E7574696C2E44617465686A81014B5974190300007870770800000161CFB9A6907874000D302F31202A202A202A202A203F7372000E6A6176612E6C616E672E4C6F6E673B8BE490CC8F23DF0200014A000576616C7565787200106A6176612E6C616E672E4E756D62657286AC951D0B94E08B020000787000000000000000037400047465737474000B68656C6C6F20776F726C6474002BE69C89E58F82E4BBBBE58AA1E8B083E5BAA6E6B58BE8AF952CE6AF8FE99A94E4B880E7A792E8A7A6E58F91740001317800);

-- ----------------------------
-- Table structure for `t_dept`
-- ----------------------------
DROP TABLE IF EXISTS `t_dept`;
CREATE TABLE `t_dept` (
  `DEPT_ID` bigint(20) NOT NULL auto_increment COMMENT '部门ID',
  `PARENT_ID` bigint(20) NOT NULL COMMENT '上级部门ID',
  `DEPT_NAME` varchar(100) NOT NULL COMMENT '部门名称',
  `ORDER_NUM` bigint(20) default NULL COMMENT '排序',
  `CREATE_TIME` datetime default NULL COMMENT '创建时间',
  PRIMARY KEY  (`DEPT_ID`)
) ENGINE=InnoDB DEFAULT CHARSET=utf8;

-- ----------------------------
-- Records of t_dept
-- ----------------------------
INSERT INTO `t_dept` VALUES ('1', '0', '开发部', null, '2018-01-04 15:42:26');
INSERT INTO `t_dept` VALUES ('2', '1', '开发一部', null, '2018-01-04 15:42:34');
INSERT INTO `t_dept` VALUES ('3', '1', '开发二部', null, '2018-01-04 15:42:29');
INSERT INTO `t_dept` VALUES ('4', '0', '市场部', null, '2018-01-04 15:42:36');
INSERT INTO `t_dept` VALUES ('5', '0', '人事部', null, '2018-01-04 15:42:32');
INSERT INTO `t_dept` VALUES ('6', '0', '测试部', null, '2018-01-04 15:42:38');

-- ----------------------------
-- Table structure for `t_dict`
-- ----------------------------
DROP TABLE IF EXISTS `t_dict`;
CREATE TABLE `t_dict` (
  `DICT_ID` bigint(20) NOT NULL auto_increment COMMENT '字典ID',
  `KEYY` bigint(20) NOT NULL COMMENT '键',
  `VALUEE` varchar(100) NOT NULL COMMENT '值',
  `FIELD_NAME` varchar(100) NOT NULL COMMENT '字段名称',
  `TABLE_NAME` varchar(100) NOT NULL COMMENT '表名',
  PRIMARY KEY  (`DICT_ID`)
) ENGINE=InnoDB DEFAULT CHARSET=utf8;

-- ----------------------------
-- Records of t_dict
-- ----------------------------
INSERT INTO `t_dict` VALUES ('1', '0', '男', 'ssex', 't_user');
INSERT INTO `t_dict` VALUES ('2', '1', '女', 'ssex', 't_user');
INSERT INTO `t_dict` VALUES ('3', '2', '保密', 'ssex', 't_user');
INSERT INTO `t_dict` VALUES ('4', '1', '有效', 'status', 't_user');
INSERT INTO `t_dict` VALUES ('5', '0', '锁定', 'status', 't_user');
INSERT INTO `t_dict` VALUES ('6', '0', '菜单', 'type', 't_menu');
INSERT INTO `t_dict` VALUES ('7', '1', '按钮', 'type', 't_menu');
INSERT INTO `t_dict` VALUES ('30', '0', '正常', 'status', 't_job');
INSERT INTO `t_dict` VALUES ('31', '1', '暂停', 'status', 't_job');
INSERT INTO `t_dict` VALUES ('32', '0', '成功', 'status', 't_job_log');
INSERT INTO `t_dict` VALUES ('33', '1', '失败', 'status', 't_job_log');

-- ----------------------------
-- Table structure for `t_job`
-- ----------------------------
DROP TABLE IF EXISTS `t_job`;
CREATE TABLE `t_job` (
  `JOB_ID` bigint(20) NOT NULL auto_increment COMMENT '任务id',
  `BEAN_NAME` varchar(100) NOT NULL COMMENT 'spring bean名称',
  `METHOD_NAME` varchar(100) NOT NULL COMMENT '方法名',
  `PARAMS` varchar(200) default NULL COMMENT '参数',
  `CRON_EXPRESSION` varchar(100) NOT NULL COMMENT 'cron表达式',
  `STATUS` char(2) NOT NULL COMMENT '任务状态  0：正常  1：暂停',
  `REMARK` varchar(200) default NULL COMMENT '备注',
  `CREATE_TIME` datetime default NULL COMMENT '创建时间',
  PRIMARY KEY  (`JOB_ID`)
) ENGINE=InnoDB DEFAULT CHARSET=utf8;

-- ----------------------------
-- Records of t_job
-- ----------------------------
INSERT INTO `t_job` VALUES ('1', 'testTask', 'test', 'mrbird', '0/1 * * * * ?', '1', '有参任务调度测试', '2018-02-24 16:26:14');
INSERT INTO `t_job` VALUES ('2', 'testTask', 'test1', null, '0/10 * * * * ?', '1', '无参任务调度测试', '2018-02-24 17:06:23');
INSERT INTO `t_job` VALUES ('3', 'testTask', 'test', 'hello world', '0/1 * * * * ?', '1', '有参任务调度测试,每隔一秒触发', '2018-02-26 09:28:26');
INSERT INTO `t_job` VALUES ('11', 'testTask', 'test2', null, '0/5 * * * * ?', '1', '测试异常', '2018-02-26 11:15:30');
INSERT INTO `t_job` VALUES ('12', 'testTask', 'test2', null, '0/3 * * * * ?', '1', '异常测试', '2019-08-13 09:03:06');
INSERT INTO `t_job` VALUES ('13', 'testTask', 'test2', null, '0/3 * * * * ?', '1', '异常测试', '2019-08-13 09:03:31');

-- ----------------------------
-- Table structure for `t_job_log`
-- ----------------------------
DROP TABLE IF EXISTS `t_job_log`;
CREATE TABLE `t_job_log` (
  `LOG_ID` bigint(20) NOT NULL auto_increment COMMENT '任务日志id',
  `JOB_ID` bigint(20) NOT NULL COMMENT '任务id',
  `BEAN_NAME` varchar(100) NOT NULL COMMENT 'spring bean名称',
  `METHOD_NAME` varchar(100) NOT NULL COMMENT '方法名',
  `PARAMS` varchar(200) default NULL COMMENT '参数',
  `STATUS` char(2) NOT NULL COMMENT '任务状态    0：成功    1：失败',
  `ERROR` text COMMENT '失败信息',
  `TIMES` decimal(11,0) default NULL COMMENT '耗时(单位：毫秒)',
  `CREATE_TIME` datetime default NULL COMMENT '创建时间',
  PRIMARY KEY  (`LOG_ID`)
) ENGINE=InnoDB DEFAULT CHARSET=utf8;

-- ----------------------------
-- Records of t_job_log
-- ----------------------------
INSERT INTO `t_job_log` VALUES ('2448', '3', 'testTask', 'test', 'hello world', '0', null, '0', '2018-03-20 15:31:50');
INSERT INTO `t_job_log` VALUES ('2449', '3', 'testTask', 'test', 'hello world', '0', null, '1', '2018-03-20 15:31:51');
INSERT INTO `t_job_log` VALUES ('2450', '3', 'testTask', 'test', 'hello world', '0', null, '2', '2018-03-20 15:31:52');
INSERT INTO `t_job_log` VALUES ('2451', '3', 'testTask', 'test', 'hello world', '0', null, '0', '2018-03-20 15:31:53');
INSERT INTO `t_job_log` VALUES ('2452', '3', 'testTask', 'test', 'hello world', '0', null, '2', '2018-03-20 15:31:54');
INSERT INTO `t_job_log` VALUES ('2453', '3', 'testTask', 'test', 'hello world', '0', null, '1', '2018-03-20 15:31:55');
INSERT INTO `t_job_log` VALUES ('2454', '3', 'testTask', 'test', 'hello world', '0', null, '0', '2018-03-20 15:31:56');
INSERT INTO `t_job_log` VALUES ('2455', '3', 'testTask', 'test', 'hello world', '0', null, '1', '2018-03-20 15:31:57');
INSERT INTO `t_job_log` VALUES ('2456', '3', 'testTask', 'test', 'hello world', '0', null, '1', '2018-03-20 15:31:59');
INSERT INTO `t_job_log` VALUES ('2457', '3', 'testTask', 'test', 'hello world', '0', null, '1', '2018-03-20 15:31:59');
INSERT INTO `t_job_log` VALUES ('2458', '3', 'testTask', 'test', 'hello world', '0', null, '1', '2018-03-20 15:32:00');
INSERT INTO `t_job_log` VALUES ('2459', '3', 'testTask', 'test', 'hello world', '0', null, '0', '2018-03-20 15:32:01');
INSERT INTO `t_job_log` VALUES ('2460', '3', 'testTask', 'test', 'hello world', '0', null, '5', '2018-03-20 15:32:02');
INSERT INTO `t_job_log` VALUES ('2461', '3', 'testTask', 'test', 'hello world', '0', null, '1', '2018-03-20 15:32:03');
INSERT INTO `t_job_log` VALUES ('2462', '3', 'testTask', 'test', 'hello world', '0', null, '1', '2018-03-20 15:32:04');
INSERT INTO `t_job_log` VALUES ('2463', '3', 'testTask', 'test', 'hello world', '0', null, '1', '2018-03-20 15:32:05');
INSERT INTO `t_job_log` VALUES ('2464', '3', 'testTask', 'test', 'hello world', '0', null, '1', '2018-03-20 15:32:06');
INSERT INTO `t_job_log` VALUES ('2465', '11', 'testTask', 'test2', null, '1', 'java.lang.NoSuchMethodException: cc.mrbird.job.task.TestTask.test2()', '0', '2018-03-20 15:32:26');
INSERT INTO `t_job_log` VALUES ('2466', '2', 'testTask', 'test1', null, '0', null, '1', '2018-04-02 15:26:40');
INSERT INTO `t_job_log` VALUES ('2467', '2', 'testTask', 'test1', null, '0', null, '1', '2018-04-02 15:26:50');
INSERT INTO `t_job_log` VALUES ('2468', '2', 'testTask', 'test1', null, '0', null, '1', '2018-04-02 15:27:20');
INSERT INTO `t_job_log` VALUES ('2469', '2', 'testTask', 'test1', null, '0', null, '3', '2018-04-02 17:29:20');
INSERT INTO `t_job_log` VALUES ('2470', '2', 'testTask', 'test1', null, '0', null, '1', '2018-04-02 17:29:30');
INSERT INTO `t_job_log` VALUES ('2471', '2', 'testTask', 'test1', null, '0', null, '1', '2018-04-02 17:29:40');
INSERT INTO `t_job_log` VALUES ('2472', '2', 'testTask', 'test1', null, '0', null, '14', '2018-04-02 17:29:50');
INSERT INTO `t_job_log` VALUES ('2473', '2', 'testTask', 'test1', null, '0', null, '1', '2018-04-02 17:30:00');
INSERT INTO `t_job_log` VALUES ('2474', '2', 'testTask', 'test1', null, '0', null, '0', '2018-04-02 17:30:10');
INSERT INTO `t_job_log` VALUES ('2475', '2', 'testTask', 'test1', null, '0', null, '1', '2018-04-02 17:30:20');

-- ----------------------------
-- Table structure for `t_log`
-- ----------------------------
DROP TABLE IF EXISTS `t_log`;
CREATE TABLE `t_log` (
  `ID` bigint(20) NOT NULL auto_increment COMMENT '日志ID',
  `USERNAME` varchar(50) default NULL COMMENT '操作用户',
  `OPERATION` text COMMENT '操作内容',
  `TIME` decimal(11,0) default NULL COMMENT '耗时',
  `METHOD` text COMMENT '操作方法',
  `PARAMS` text COMMENT '方法参数',
  `IP` varchar(64) default NULL COMMENT '操作者IP',
  `CREATE_TIME` datetime default NULL COMMENT '创建时间',
  `location` varchar(50) default NULL COMMENT '操作地点',
  PRIMARY KEY  (`ID`)
) ENGINE=InnoDB DEFAULT CHARSET=utf8;

-- ----------------------------
-- Records of t_log
-- ----------------------------
INSERT INTO `t_log` VALUES ('730', 'MrBird', '恢复任务', '55', 'cc.mrbird.job.controller.JobController.resumeJob()', 'jobIds: 3', '127.0.0.1', '2018-03-19 10:07:32', null);
INSERT INTO `t_log` VALUES ('731', 'MrBird', '执行任务', '40', 'cc.mrbird.job.controller.JobController.runJob()', 'jobIds: 3', '127.0.0.1', '2018-03-19 10:07:36', null);
INSERT INTO `t_log` VALUES ('733', 'MrBird', '暂停任务', '10', 'cc.mrbird.job.controller.JobController.pauseJob()', 'jobIds: 3', '127.0.0.1', '2018-03-19 10:07:53', null);
INSERT INTO `t_log` VALUES ('734', 'MrBird', '恢复任务', '17', 'cc.mrbird.job.controller.JobController.resumeJob()', 'jobIds: 1', '127.0.0.1', '2018-03-19 10:08:02', null);
INSERT INTO `t_log` VALUES ('735', 'MrBird', '执行任务', '13', 'cc.mrbird.job.controller.JobController.runJob()', 'jobIds: 1', '127.0.0.1', '2018-03-19 10:08:05', null);
INSERT INTO `t_log` VALUES ('737', 'MrBird', '暂停任务', '11', 'cc.mrbird.job.controller.JobController.pauseJob()', 'jobIds: 1', '127.0.0.1', '2018-03-19 10:08:27', null);
INSERT INTO `t_log` VALUES ('738', 'MrBird', '执行任务', '14', 'cc.mrbird.job.controller.JobController.runJob()', 'jobIds: 11', '127.0.0.1', '2018-03-19 10:08:34', null);
INSERT INTO `t_log` VALUES ('840', 'MrBird', '删除用户', '255', 'cc.mrbird.system.controller.UserController.deleteUsers()', 'ids: 165,166', '127.0.0.1', '2018-03-20 18:34:26', null);
INSERT INTO `t_log` VALUES ('841', 'MrBird', '修改用户', '348', 'cc.mrbird.system.controller.UserController.updateUser()', 'user: cc.mrbird.system.domain.User@5adf3b3b  roles: [Ljava.lang.Long;@75a9cd18', '127.0.0.1', '2018-03-21 09:05:12', null);
INSERT INTO `t_log` VALUES ('842', 'MrBird', '删除调度日志', '79', 'cc.mrbird.job.controller.JobLogController.deleteJobLog()', 'ids: 2447', '127.0.0.1', '2018-03-22 18:52:10', 'XX内网IP');
INSERT INTO `t_log` VALUES ('843', 'MrBird', '修改用户', '18805', 'cc.mrbird.system.controller.UserController.updateUser()', 'user: cc.mrbird.system.domain.User@1a6c90df  rolesSelect: [Ljava.lang.Long;@4d9b2e06', '127.0.0.1', '2018-03-27 09:20:05', 'XX内网IP');
INSERT INTO `t_log` VALUES ('844', 'MrBird', '修改用户', '5222', 'cc.mrbird.system.controller.UserController.updateUser()', 'user: cc.mrbird.system.domain.User@655c7201  rolesSelect: [Ljava.lang.Long;@1840d3a4', '127.0.0.1', '2018-03-27 09:20:23', 'XX内网IP');
INSERT INTO `t_log` VALUES ('845', 'MrBird', '修改用户', '6989', 'cc.mrbird.system.controller.UserController.updateUser()', 'user: cc.mrbird.system.domain.User@3691c744  rolesSelect: [Ljava.lang.Long;@1cb15d59', '127.0.0.1', '2018-03-27 09:21:09', 'XX内网IP');
INSERT INTO `t_log` VALUES ('846', 'MrBird', '新增任务', '361', 'cc.mrbird.job.controller.JobController.addJob()', 'job: cc.mrbird.job.domain.Job@41ea2910', '127.0.0.1', '2018-03-27 15:24:30', 'XX内网IP');
INSERT INTO `t_log` VALUES ('847', 'MrBird', '修改任务', '429', 'cc.mrbird.job.controller.JobController.updateJob()', 'job: cc.mrbird.job.domain.Job@7cb0d614', '127.0.0.1', '2018-03-27 15:25:31', 'XX内网IP');
INSERT INTO `t_log` VALUES ('848', 'MrBird', '修改任务', '273', 'cc.mrbird.job.controller.JobController.updateJob()', 'job: cc.mrbird.job.domain.Job@4937e65d', '127.0.0.1', '2018-03-27 17:43:09', 'XX内网IP');
INSERT INTO `t_log` VALUES ('849', 'MrBird', '修改任务', '712', 'cc.mrbird.job.controller.JobController.updateJob()', 'job: cc.mrbird.job.domain.Job@aa7781d', '127.0.0.1', '2018-03-27 17:43:31', 'XX内网IP');
INSERT INTO `t_log` VALUES ('850', 'MrBird', '新增任务', '294', 'cc.mrbird.job.controller.JobController.addJob()', 'job: cc.mrbird.job.domain.Job@5543ec34', '127.0.0.1', '2018-03-28 14:36:44', 'XX内网IP');
INSERT INTO `t_log` VALUES ('851', 'MrBird', '修改任务', '353', 'cc.mrbird.job.controller.JobController.updateJob()', 'job: cc.mrbird.job.domain.Job@3fccec56', '127.0.0.1', '2018-03-28 14:37:06', 'XX内网IP');
INSERT INTO `t_log` VALUES ('852', 'MrBird', '修改任务', '262', 'cc.mrbird.job.controller.JobController.updateJob()', 'job: cc.mrbird.job.domain.Job@2ed43da1', '127.0.0.1', '2018-03-28 14:41:50', 'XX内网IP');
INSERT INTO `t_log` VALUES ('853', 'MrBird', '删除任务', '589', 'cc.mrbird.job.controller.JobController.deleteJob()', 'ids: 18,19', '127.0.0.1', '2018-03-29 10:26:30', 'XX内网IP');
INSERT INTO `t_log` VALUES ('854', 'MrBird', '新增任务', '548', 'cc.mrbird.job.controller.JobController.addJob()', 'job: cc.mrbird.job.domain.Job@b404b16', '127.0.0.1', '2018-03-29 10:27:11', 'XX内网IP');
INSERT INTO `t_log` VALUES ('855', 'MrBird', '修改任务', '442', 'cc.mrbird.job.controller.JobController.updateJob()', 'job: cc.mrbird.job.domain.Job@49f25426', '127.0.0.1', '2018-03-29 10:29:18', 'XX内网IP');
INSERT INTO `t_log` VALUES ('856', 'MrBird', '删除任务', '520', 'cc.mrbird.job.controller.JobController.deleteJob()', 'ids: 20', '127.0.0.1', '2018-03-29 10:41:20', 'XX内网IP');
INSERT INTO `t_log` VALUES ('857', 'MrBird', '修改用户', '449', 'cc.mrbird.system.controller.UserController.updateUser()', 'user: cc.mrbird.system.domain.User@68355f70  rolesSelect: [Ljava.lang.Long;@80ce783', '127.0.0.1', '2018-03-29 16:18:26', 'XX内网IP');
INSERT INTO `t_log` VALUES ('858', 'MrBird', '修改用户', '686', 'cc.mrbird.system.controller.UserController.updateUser()', 'user: cc.mrbird.system.domain.User@784012be  rolesSelect: [Ljava.lang.Long;@368eb59f', '127.0.0.1', '2018-03-29 16:18:37', 'XX内网IP');
INSERT INTO `t_log` VALUES ('859', 'MrBird', '删除用户', '200', 'cc.mrbird.system.controller.UserController.deleteUsers()', 'ids: 41,68,92,125,161,162', '127.0.0.1', '2018-04-02 17:29:50', 'XX内网IP');
INSERT INTO `t_log` VALUES ('860', 'MrBird', '访问系统', '1', 'cc.mrbird.system.controller.LoginController.index()', 'model: {\"user\":{\"userId\":4,\"username\":\"MrBird\",\"password\":\"42ee25d1e43e9f57119a00d0a39e5250\",\"deptId\":5,\"deptName\":null,\"email\":\"mrbird@hotmail.com\",\"mobile\":\"13455533222\",\"status\":\"1\",\"crateTime\":\"2017-12-27 15:47:19\",\"modifyTime\":\"2018-03-21 09:05:12\",\"lastLoginTime\":\"2018-04-02 17:29:32\",\"ssex\":\"0\",\"theme\":\"green\",\"avatar\":\"default.jpg\",\"description\":\"我是作者。\",\"roleName\":null}}', '127.0.0.1', '2019-07-11 10:12:01', 'XX内网IP');
INSERT INTO `t_log` VALUES ('861', 'MrBird', '获取用户信息', '14', 'cc.mrbird.system.controller.UserController.userList()', 'request: {\"pageSize\":10,\"pageNum\":1}  user: {\"userId\":null,\"username\":\"\",\"password\":null,\"deptId\":null,\"deptName\":null,\"email\":null,\"mobile\":null,\"status\":\"\",\"crateTime\":null,\"modifyTime\":null,\"lastLoginTime\":null,\"ssex\":\"\",\"theme\":null,\"avatar\":null,\"description\":null,\"roleName\":null}', '127.0.0.1', '2019-07-11 10:12:07', 'XX内网IP');
INSERT INTO `t_log` VALUES ('862', 'MrBird', '更换主题', '10', 'cc.mrbird.system.controller.UserController.updateTheme()', 'user: {\"userId\":null,\"username\":\"MrBird\",\"password\":null,\"deptId\":null,\"deptName\":null,\"email\":null,\"mobile\":null,\"status\":\"1\",\"crateTime\":null,\"modifyTime\":null,\"lastLoginTime\":null,\"ssex\":null,\"theme\":\"red\",\"avatar\":null,\"description\":null,\"roleName\":null}', '127.0.0.1', '2019-07-11 10:12:15', 'XX内网IP');
INSERT INTO `t_log` VALUES ('863', 'MrBird', '获取角色信息', '0', 'cc.mrbird.system.controller.RoleController.index()', '', '127.0.0.1', '2019-07-11 10:12:19', 'XX内网IP');
INSERT INTO `t_log` VALUES ('864', 'MrBird', '获取菜单信息', '0', 'cc.mrbird.system.controller.MenuController.index()', '', '127.0.0.1', '2019-07-11 10:12:20', 'XX内网IP');
INSERT INTO `t_log` VALUES ('865', 'MrBird', '获取部门信息', '0', 'cc.mrbird.system.controller.DeptController.index()', '', '127.0.0.1', '2019-07-11 10:12:21', 'XX内网IP');
INSERT INTO `t_log` VALUES ('866', 'MrBird', '获取字典信息', '2', 'cc.mrbird.system.controller.DictController.index()', '', '127.0.0.1', '2019-07-11 10:12:22', 'XX内网IP');
INSERT INTO `t_log` VALUES ('867', 'MrBird', '获取在线用户信息', '1', 'cc.mrbird.system.controller.SessionController.online()', '', '127.0.0.1', '2019-07-11 10:12:24', 'XX内网IP');
INSERT INTO `t_log` VALUES ('868', 'MrBird', '获取天气信息', '2', 'cc.mrbird.web.controller.WeatherController.weather()', '', '127.0.0.1', '2019-07-11 10:12:29', 'XX内网IP');
INSERT INTO `t_log` VALUES ('869', 'MrBird', '获取每日一文信息', '1', 'cc.mrbird.web.controller.ArticleController.index()', '', '127.0.0.1', '2019-07-11 10:13:39', 'XX内网IP');
INSERT INTO `t_log` VALUES ('870', 'MrBird', '获取热门电影信息', '3', 'cc.mrbird.web.controller.MovieController.movieHot()', '', '127.0.0.1', '2019-07-11 10:13:44', 'XX内网IP');
INSERT INTO `t_log` VALUES ('871', 'MrBird', '获取即将上映电影信息', '0', 'cc.mrbird.web.controller.MovieController.movieComing()', '', '127.0.0.1', '2019-07-11 10:14:08', 'XX内网IP');
INSERT INTO `t_log` VALUES ('872', 'MrBird', '获取定时任务信息', '3', 'cc.mrbird.job.controller.JobController.index()', '', '127.0.0.1', '2019-07-11 10:14:32', 'XX内网IP');
INSERT INTO `t_log` VALUES ('873', 'MrBird', '获取调度日志信息', '2', 'cc.mrbird.job.controller.JobLogController.index()', '', '127.0.0.1', '2019-07-11 10:14:33', 'XX内网IP');
INSERT INTO `t_log` VALUES ('874', 'MrBird', '获取用户信息', '7', 'cc.mrbird.system.controller.UserController.userList()', 'request: {\"pageSize\":10,\"pageNum\":1}  user: {\"userId\":null,\"username\":\"\",\"password\":null,\"deptId\":null,\"deptName\":null,\"email\":null,\"mobile\":null,\"status\":\"\",\"crateTime\":null,\"modifyTime\":null,\"lastLoginTime\":null,\"ssex\":\"\",\"theme\":null,\"avatar\":null,\"description\":null,\"roleName\":null}', '127.0.0.1', '2019-07-11 10:14:36', 'XX内网IP');
INSERT INTO `t_log` VALUES ('875', 'MrBird', '获取角色信息', '0', 'cc.mrbird.system.controller.RoleController.index()', '', '127.0.0.1', '2019-07-11 10:14:42', 'XX内网IP');
INSERT INTO `t_log` VALUES ('876', 'MrBird', '获取菜单信息', '0', 'cc.mrbird.system.controller.MenuController.index()', '', '127.0.0.1', '2019-07-11 10:14:44', 'XX内网IP');
INSERT INTO `t_log` VALUES ('877', 'MrBird', '访问系统', '0', 'cc.mrbird.system.controller.LoginController.index()', 'model: {\"user\":{\"userId\":4,\"username\":\"MrBird\",\"password\":\"42ee25d1e43e9f57119a00d0a39e5250\",\"deptId\":5,\"deptName\":null,\"email\":\"mrbird@hotmail.com\",\"mobile\":\"13455533222\",\"status\":\"1\",\"crateTime\":\"2017-12-27 15:47:19\",\"modifyTime\":\"2018-03-21 09:05:12\",\"lastLoginTime\":\"2019-07-11 10:12:01\",\"ssex\":\"0\",\"theme\":\"red\",\"avatar\":\"default.jpg\",\"description\":\"我是作者。\",\"roleName\":null}}', '127.0.0.1', '2019-07-17 09:03:15', 'XX内网IP');
INSERT INTO `t_log` VALUES ('878', 'MrBird', '获取用户信息', '17', 'cc.mrbird.system.controller.UserController.userList()', 'request: {\"pageSize\":10,\"pageNum\":1}  user: {\"userId\":null,\"username\":\"\",\"password\":null,\"deptId\":null,\"deptName\":null,\"email\":null,\"mobile\":null,\"status\":\"\",\"crateTime\":null,\"modifyTime\":null,\"lastLoginTime\":null,\"ssex\":\"\",\"theme\":null,\"avatar\":null,\"description\":null,\"roleName\":null}', '127.0.0.1', '2019-07-17 09:03:20', 'XX内网IP');
INSERT INTO `t_log` VALUES ('879', 'MrBird', '获取角色信息', '0', 'cc.mrbird.system.controller.RoleController.index()', '', '127.0.0.1', '2019-07-17 09:03:51', 'XX内网IP');
INSERT INTO `t_log` VALUES ('880', 'MrBird', '获取菜单信息', '1', 'cc.mrbird.system.controller.MenuController.index()', '', '127.0.0.1', '2019-07-17 09:03:52', 'XX内网IP');
INSERT INTO `t_log` VALUES ('881', 'MrBird', '获取部门信息', '0', 'cc.mrbird.system.controller.DeptController.index()', '', '127.0.0.1', '2019-07-17 09:22:12', 'XX内网IP');
INSERT INTO `t_log` VALUES ('882', 'MrBird', '获取One--绘画信息', '2', 'cc.mrbird.web.controller.OneIsAllController.paintIndex()', '', '127.0.0.1', '2019-07-17 09:22:21', 'XX内网IP');
INSERT INTO `t_log` VALUES ('883', 'MrBird', '访问系统', '2', 'cc.mrbird.system.controller.LoginController.index()', 'model: {\"user\":{\"userId\":4,\"username\":\"MrBird\",\"password\":\"42ee25d1e43e9f57119a00d0a39e5250\",\"deptId\":5,\"deptName\":null,\"email\":\"mrbird@hotmail.com\",\"mobile\":\"13455533222\",\"status\":\"1\",\"crateTime\":\"2017-12-27 15:47:19\",\"modifyTime\":\"2018-03-21 09:05:12\",\"lastLoginTime\":\"2019-07-11 10:12:01\",\"ssex\":\"0\",\"theme\":\"red\",\"avatar\":\"default.jpg\",\"description\":\"我是作者。\",\"roleName\":null}}', '127.0.0.1', '2019-07-17 09:44:01', 'XX内网IP');
INSERT INTO `t_log` VALUES ('884', 'MrBird', '访问系统', '0', 'cc.mrbird.system.controller.LoginController.index()', 'model: {\"user\":{\"userId\":4,\"username\":\"MrBird\",\"password\":\"42ee25d1e43e9f57119a00d0a39e5250\",\"deptId\":5,\"deptName\":null,\"email\":\"mrbird@hotmail.com\",\"mobile\":\"13455533222\",\"status\":\"1\",\"crateTime\":\"2017-12-27 15:47:19\",\"modifyTime\":\"2018-03-21 09:05:12\",\"lastLoginTime\":\"2019-07-11 10:12:01\",\"ssex\":\"0\",\"theme\":\"red\",\"avatar\":\"default.jpg\",\"description\":\"我是作者。\",\"roleName\":null}}', '127.0.0.1', '2019-07-18 09:12:22', null);
INSERT INTO `t_log` VALUES ('885', 'MrBird', '获取定时任务信息', '0', 'cc.mrbird.job.controller.JobController.index()', '', '127.0.0.1', '2019-07-18 09:12:30', 'XX内网IP');
INSERT INTO `t_log` VALUES ('886', 'MrBird', '访问系统', '0', 'cc.mrbird.system.controller.LoginController.index()', 'model: {\"user\":{\"userId\":4,\"username\":\"MrBird\",\"password\":\"42ee25d1e43e9f57119a00d0a39e5250\",\"deptId\":5,\"deptName\":null,\"email\":\"mrbird@hotmail.com\",\"mobile\":\"13455533222\",\"status\":\"1\",\"crateTime\":\"2017-12-27 15:47:19\",\"modifyTime\":\"2018-03-21 09:05:12\",\"lastLoginTime\":\"2019-07-17 09:03:15\",\"ssex\":\"0\",\"theme\":\"red\",\"avatar\":\"default.jpg\",\"description\":\"我是作者。\",\"roleName\":null}}', '127.0.0.1', '2019-07-22 16:21:28', 'XX内网IP');
INSERT INTO `t_log` VALUES ('887', 'MrBird', '获取用户信息', '16', 'cc.mrbird.system.controller.UserController.userList()', 'request: {\"pageSize\":10,\"pageNum\":1}  user: {\"userId\":null,\"username\":\"\",\"password\":null,\"deptId\":null,\"deptName\":null,\"email\":null,\"mobile\":null,\"status\":\"\",\"crateTime\":null,\"modifyTime\":null,\"lastLoginTime\":null,\"ssex\":\"\",\"theme\":null,\"avatar\":null,\"description\":null,\"roleName\":null}', '127.0.0.1', '2019-07-22 16:21:42', 'XX内网IP');
INSERT INTO `t_log` VALUES ('888', 'MrBird', '获取用户信息', '10', 'cc.mrbird.system.controller.UserController.userList()', 'request: {\"pageSize\":100,\"pageNum\":1}  user: {\"userId\":null,\"username\":\"\",\"password\":null,\"deptId\":null,\"deptName\":null,\"email\":null,\"mobile\":null,\"status\":\"\",\"crateTime\":null,\"modifyTime\":null,\"lastLoginTime\":null,\"ssex\":\"\",\"theme\":null,\"avatar\":null,\"description\":null,\"roleName\":null}', '127.0.0.1', '2019-07-22 16:21:50', null);
INSERT INTO `t_log` VALUES ('889', 'MrBird', '获取角色信息', '0', 'cc.mrbird.system.controller.RoleController.index()', '', '127.0.0.1', '2019-07-22 16:22:34', null);
INSERT INTO `t_log` VALUES ('890', 'MrBird', '获取部门信息', '0', 'cc.mrbird.system.controller.DeptController.index()', '', '127.0.0.1', '2019-07-22 16:28:10', 'XX内网IP');
INSERT INTO `t_log` VALUES ('891', 'MrBird', '获取字典信息', '2', 'cc.mrbird.system.controller.DictController.index()', '', '127.0.0.1', '2019-07-22 16:28:14', null);
INSERT INTO `t_log` VALUES ('892', 'MrBird', '获取在线用户信息', '2', 'cc.mrbird.system.controller.SessionController.online()', '', '127.0.0.1', '2019-07-22 16:28:29', 'XX内网IP');
INSERT INTO `t_log` VALUES ('893', 'MrBird', '获取天气信息', '1', 'cc.mrbird.web.controller.WeatherController.weather()', '', '127.0.0.1', '2019-07-22 16:29:08', 'XX内网IP');
INSERT INTO `t_log` VALUES ('894', 'MrBird', '获取每日一文信息', '2', 'cc.mrbird.web.controller.ArticleController.index()', '', '127.0.0.1', '2019-07-22 16:29:12', null);
INSERT INTO `t_log` VALUES ('895', 'MrBird', '获取热门电影信息', '2', 'cc.mrbird.web.controller.MovieController.movieHot()', '', '127.0.0.1', '2019-07-22 16:29:19', 'XX内网IP');
INSERT INTO `t_log` VALUES ('896', 'MrBird', '获取即将上映电影信息', '0', 'cc.mrbird.web.controller.MovieController.movieComing()', '', '127.0.0.1', '2019-07-22 16:30:59', 'XX内网IP');
INSERT INTO `t_log` VALUES ('897', 'MrBird', '获取One--绘画信息', '3', 'cc.mrbird.web.controller.OneIsAllController.paintIndex()', '', '127.0.0.1', '2019-07-22 16:31:05', 'XX内网IP');
INSERT INTO `t_log` VALUES ('898', 'MrBird', '获取One--文章信息', '0', 'cc.mrbird.web.controller.OneIsAllController.yuwenIndex()', '', '127.0.0.1', '2019-07-22 16:31:09', null);
INSERT INTO `t_log` VALUES ('899', 'MrBird', '获取One--散文信息', '0', 'cc.mrbird.web.controller.OneIsAllController.essayIndex()', '', '127.0.0.1', '2019-07-22 16:31:11', null);
INSERT INTO `t_log` VALUES ('900', 'MrBird', '访问系统', '0', 'cc.mrbird.system.controller.LoginController.index()', 'model: {\"user\":{\"userId\":4,\"username\":\"MrBird\",\"password\":\"42ee25d1e43e9f57119a00d0a39e5250\",\"deptId\":5,\"deptName\":null,\"email\":\"mrbird@hotmail.com\",\"mobile\":\"13455533222\",\"status\":\"1\",\"crateTime\":\"2017-12-27 15:47:19\",\"modifyTime\":\"2018-03-21 09:05:12\",\"lastLoginTime\":\"2019-07-22 16:21:28\",\"ssex\":\"0\",\"theme\":\"red\",\"avatar\":\"default.jpg\",\"description\":\"我是作者。\",\"roleName\":null}}', '127.0.0.1', '2019-08-07 16:48:38', 'XX内网IP');
INSERT INTO `t_log` VALUES ('901', 'MrBird', '获取用户信息', '15', 'cc.mrbird.system.controller.UserController.userList()', 'request: {\"pageSize\":10,\"pageNum\":1}  user: {\"userId\":null,\"username\":\"\",\"password\":null,\"deptId\":null,\"deptName\":null,\"email\":null,\"mobile\":null,\"status\":\"\",\"crateTime\":null,\"modifyTime\":null,\"lastLoginTime\":null,\"ssex\":\"\",\"theme\":null,\"avatar\":null,\"description\":null,\"roleName\":null}', '127.0.0.1', '2019-08-07 16:48:42', 'XX内网IP');
INSERT INTO `t_log` VALUES ('902', 'MrBird', '获取角色信息', '0', 'cc.mrbird.system.controller.RoleController.index()', '', '127.0.0.1', '2019-08-07 16:48:43', 'XX内网IP');
INSERT INTO `t_log` VALUES ('903', 'MrBird', '获取用户信息', '10', 'cc.mrbird.system.controller.UserController.userList()', 'request: {\"pageSize\":10,\"pageNum\":1}  user: {\"userId\":null,\"username\":\"\",\"password\":null,\"deptId\":null,\"deptName\":null,\"email\":null,\"mobile\":null,\"status\":\"\",\"crateTime\":null,\"modifyTime\":null,\"lastLoginTime\":null,\"ssex\":\"\",\"theme\":null,\"avatar\":null,\"description\":null,\"roleName\":null}', '127.0.0.1', '2019-08-07 16:48:44', 'XX内网IP');
INSERT INTO `t_log` VALUES ('904', 'MrBird', '获取菜单信息', '0', 'cc.mrbird.system.controller.MenuController.index()', '', '127.0.0.1', '2019-08-07 16:48:46', 'XX内网IP');
INSERT INTO `t_log` VALUES ('905', 'MrBird', '获取部门信息', '0', 'cc.mrbird.system.controller.DeptController.index()', '', '127.0.0.1', '2019-08-07 16:48:46', 'XX内网IP');
INSERT INTO `t_log` VALUES ('906', 'MrBird', '获取部门信息', '0', 'cc.mrbird.system.controller.DeptController.index()', '', '127.0.0.1', '2019-08-07 16:48:47', null);
INSERT INTO `t_log` VALUES ('907', 'MrBird', '获取字典信息', '3', 'cc.mrbird.system.controller.DictController.index()', '', '127.0.0.1', '2019-08-07 16:48:48', 'XX内网IP');
INSERT INTO `t_log` VALUES ('908', 'MrBird', '获取在线用户信息', '3', 'cc.mrbird.system.controller.SessionController.online()', '', '127.0.0.1', '2019-08-07 16:48:50', 'XX内网IP');
INSERT INTO `t_log` VALUES ('909', 'MrBird', '获取天气信息', '1', 'cc.mrbird.web.controller.WeatherController.weather()', '', '127.0.0.1', '2019-08-07 16:48:52', 'XX内网IP');
INSERT INTO `t_log` VALUES ('910', 'MrBird', '获取每日一文信息', '2', 'cc.mrbird.web.controller.ArticleController.index()', '', '127.0.0.1', '2019-08-07 16:48:53', 'XX内网IP');
INSERT INTO `t_log` VALUES ('911', 'MrBird', '获取热门电影信息', '4', 'cc.mrbird.web.controller.MovieController.movieHot()', '', '127.0.0.1', '2019-08-07 16:48:55', 'XX内网IP');
INSERT INTO `t_log` VALUES ('912', 'MrBird', '访问系统', '0', 'cc.mrbird.system.controller.LoginController.index()', 'model: {\"user\":{\"userId\":4,\"username\":\"MrBird\",\"password\":\"42ee25d1e43e9f57119a00d0a39e5250\",\"deptId\":5,\"deptName\":null,\"email\":\"mrbird@hotmail.com\",\"mobile\":\"13455533222\",\"status\":\"1\",\"crateTime\":\"2017-12-27 15:47:19\",\"modifyTime\":\"2018-03-21 09:05:12\",\"lastLoginTime\":\"2019-07-22 16:21:28\",\"ssex\":\"0\",\"theme\":\"red\",\"avatar\":\"default.jpg\",\"description\":\"我是作者。\",\"roleName\":null}}', '127.0.0.1', '2019-08-07 16:48:55', null);
INSERT INTO `t_log` VALUES ('913', 'MrBird', '获取即将上映电影信息', '0', 'cc.mrbird.web.controller.MovieController.movieComing()', '', '127.0.0.1', '2019-08-07 16:48:55', 'XX内网IP');
INSERT INTO `t_log` VALUES ('914', 'MrBird', '获取One--绘画信息', '2', 'cc.mrbird.web.controller.OneIsAllController.paintIndex()', '', '127.0.0.1', '2019-08-07 16:48:58', 'XX内网IP');
INSERT INTO `t_log` VALUES ('915', 'MrBird', '获取One--文章信息', '0', 'cc.mrbird.web.controller.OneIsAllController.yuwenIndex()', '', '127.0.0.1', '2019-08-07 16:48:58', 'XX内网IP');
INSERT INTO `t_log` VALUES ('916', 'MrBird', '获取One--散文信息', '0', 'cc.mrbird.web.controller.OneIsAllController.essayIndex()', '', '127.0.0.1', '2019-08-07 16:48:58', 'XX内网IP');
INSERT INTO `t_log` VALUES ('917', 'MrBird', '获取调度日志信息', '3', 'cc.mrbird.job.controller.JobLogController.index()', '', '127.0.0.1', '2019-08-07 16:49:01', 'XX内网IP');
INSERT INTO `t_log` VALUES ('918', 'MrBird', '获取定时任务信息', '3', 'cc.mrbird.job.controller.JobController.index()', '', '127.0.0.1', '2019-08-07 16:49:02', 'XX内网IP');
INSERT INTO `t_log` VALUES ('919', 'MrBird', '更换主题', '9', 'cc.mrbird.system.controller.UserController.updateTheme()', 'user: {\"userId\":null,\"username\":\"MrBird\",\"password\":null,\"deptId\":null,\"deptName\":null,\"email\":null,\"mobile\":null,\"status\":\"1\",\"crateTime\":null,\"modifyTime\":null,\"lastLoginTime\":null,\"ssex\":null,\"theme\":\"green\",\"avatar\":null,\"description\":null,\"roleName\":null}', '127.0.0.1', '2019-08-07 16:53:17', 'XX内网IP');
INSERT INTO `t_log` VALUES ('920', 'MrBird', '获取角色信息', '0', 'cc.mrbird.system.controller.RoleController.index()', '', '127.0.0.1', '2019-08-07 16:54:08', 'XX内网IP');
INSERT INTO `t_log` VALUES ('921', 'MrBird', '获取菜单信息', '0', 'cc.mrbird.system.controller.MenuController.index()', '', '127.0.0.1', '2019-08-07 16:54:09', 'XX内网IP');
INSERT INTO `t_log` VALUES ('922', 'MrBird', '获取字典信息', '0', 'cc.mrbird.system.controller.DictController.index()', '', '127.0.0.1', '2019-08-07 16:54:24', 'XX内网IP');
INSERT INTO `t_log` VALUES ('923', 'MrBird', '获取在线用户信息', '0', 'cc.mrbird.system.controller.SessionController.online()', '', '127.0.0.1', '2019-08-07 16:54:27', 'XX内网IP');
INSERT INTO `t_log` VALUES ('924', 'MrBird', '获取用户信息', '8', 'cc.mrbird.system.controller.UserController.userList()', 'request: {\"pageSize\":10,\"pageNum\":1}  user: {\"userId\":null,\"username\":\"\",\"password\":null,\"deptId\":null,\"deptName\":null,\"email\":null,\"mobile\":null,\"status\":\"\",\"crateTime\":null,\"modifyTime\":null,\"lastLoginTime\":null,\"ssex\":\"\",\"theme\":null,\"avatar\":null,\"description\":null,\"roleName\":null}', '127.0.0.1', '2019-08-07 17:01:12', 'XX内网IP');
INSERT INTO `t_log` VALUES ('925', 'MrBird', '获取部门信息', '0', 'cc.mrbird.system.controller.DeptController.index()', '', '127.0.0.1', '2019-08-07 17:01:26', 'XX内网IP');
INSERT INTO `t_log` VALUES ('926', 'MrBird', '获取菜单信息', '0', 'cc.mrbird.system.controller.MenuController.index()', '', '127.0.0.1', '2019-08-07 17:01:33', 'XX内网IP');
INSERT INTO `t_log` VALUES ('927', 'MrBird', '获取角色信息', '0', 'cc.mrbird.system.controller.RoleController.index()', '', '127.0.0.1', '2019-08-07 17:01:34', 'XX内网IP');
INSERT INTO `t_log` VALUES ('928', 'MrBird', '获取用户信息', '5', 'cc.mrbird.system.controller.UserController.userList()', 'request: {\"pageSize\":10,\"pageNum\":1}  user: {\"userId\":null,\"username\":\"\",\"password\":null,\"deptId\":null,\"deptName\":null,\"email\":null,\"mobile\":null,\"status\":\"\",\"crateTime\":null,\"modifyTime\":null,\"lastLoginTime\":null,\"ssex\":\"\",\"theme\":null,\"avatar\":null,\"description\":null,\"roleName\":null}', '127.0.0.1', '2019-08-07 17:01:35', 'XX内网IP');
INSERT INTO `t_log` VALUES ('929', 'MrBird', '获取菜单信息', '0', 'cc.mrbird.system.controller.MenuController.index()', '', '127.0.0.1', '2019-08-07 17:01:37', 'XX内网IP');
INSERT INTO `t_log` VALUES ('930', 'MrBird', '获取用户信息', '5', 'cc.mrbird.system.controller.UserController.userList()', 'request: {\"pageSize\":10,\"pageNum\":1}  user: {\"userId\":null,\"username\":\"\",\"password\":null,\"deptId\":null,\"deptName\":null,\"email\":null,\"mobile\":null,\"status\":\"\",\"crateTime\":null,\"modifyTime\":null,\"lastLoginTime\":null,\"ssex\":\"\",\"theme\":null,\"avatar\":null,\"description\":null,\"roleName\":null}', '127.0.0.1', '2019-08-07 17:01:38', 'XX内网IP');
INSERT INTO `t_log` VALUES ('931', 'MrBird', '获取角色信息', '0', 'cc.mrbird.system.controller.RoleController.index()', '', '127.0.0.1', '2019-08-07 17:01:44', 'XX内网IP');
INSERT INTO `t_log` VALUES ('932', 'MrBird', '获取菜单信息', '0', 'cc.mrbird.system.controller.MenuController.index()', '', '127.0.0.1', '2019-08-07 17:01:58', 'XX内网IP');
INSERT INTO `t_log` VALUES ('933', 'MrBird', '获取角色信息', '0', 'cc.mrbird.system.controller.RoleController.index()', '', '127.0.0.1', '2019-08-07 17:02:01', 'XX内网IP');
INSERT INTO `t_log` VALUES ('934', 'MrBird', '获取部门信息', '0', 'cc.mrbird.system.controller.DeptController.index()', '', '127.0.0.1', '2019-08-07 17:02:02', 'XX内网IP');
INSERT INTO `t_log` VALUES ('935', 'MrBird', '获取用户信息', '5', 'cc.mrbird.system.controller.UserController.userList()', 'request: {\"pageSize\":10,\"pageNum\":1}  user: {\"userId\":null,\"username\":\"\",\"password\":null,\"deptId\":null,\"deptName\":null,\"email\":null,\"mobile\":null,\"status\":\"\",\"crateTime\":null,\"modifyTime\":null,\"lastLoginTime\":null,\"ssex\":\"\",\"theme\":null,\"avatar\":null,\"description\":null,\"roleName\":null}', '127.0.0.1', '2019-08-07 17:03:07', 'XX内网IP');
INSERT INTO `t_log` VALUES ('936', 'MrBird', '访问系统', '0', 'cc.mrbird.system.controller.LoginController.index()', 'model: {\"user\":{\"userId\":4,\"username\":\"MrBird\",\"password\":\"42ee25d1e43e9f57119a00d0a39e5250\",\"deptId\":5,\"deptName\":null,\"email\":\"mrbird@hotmail.com\",\"mobile\":\"13455533222\",\"status\":\"1\",\"crateTime\":\"2017-12-27 15:47:19\",\"modifyTime\":\"2018-03-21 09:05:12\",\"lastLoginTime\":\"2019-08-07 16:48:38\",\"ssex\":\"0\",\"theme\":\"green\",\"avatar\":\"default.jpg\",\"description\":\"我是作者。\",\"roleName\":null}}', '127.0.0.1', '2019-08-08 08:47:06', null);
INSERT INTO `t_log` VALUES ('937', 'MrBird', '获取用户信息', '13', 'cc.mrbird.system.controller.UserController.userList()', 'request: {\"pageSize\":10,\"pageNum\":1}  user: {\"userId\":null,\"username\":\"\",\"password\":null,\"deptId\":null,\"deptName\":null,\"email\":null,\"mobile\":null,\"status\":\"\",\"crateTime\":null,\"modifyTime\":null,\"lastLoginTime\":null,\"ssex\":\"\",\"theme\":null,\"avatar\":null,\"description\":null,\"roleName\":null}', '127.0.0.1', '2019-08-08 08:49:05', null);
INSERT INTO `t_log` VALUES ('938', 'MrBird', '访问系统', '1', 'cc.mrbird.system.controller.LoginController.index()', 'model: {\"user\":{\"userId\":4,\"username\":\"MrBird\",\"password\":\"42ee25d1e43e9f57119a00d0a39e5250\",\"deptId\":5,\"deptName\":null,\"email\":\"mrbird@hotmail.com\",\"mobile\":\"13455533222\",\"status\":\"1\",\"crateTime\":\"2017-12-27 15:47:19\",\"modifyTime\":\"2018-03-21 09:05:12\",\"lastLoginTime\":\"2019-08-08 08:47:06\",\"ssex\":\"0\",\"theme\":\"green\",\"avatar\":\"default.jpg\",\"description\":\"我是作者。\",\"roleName\":null}}', '127.0.0.1', '2019-08-09 17:05:00', 'XX内网IP');
INSERT INTO `t_log` VALUES ('939', 'MrBird', '访问系统', '0', 'cc.mrbird.system.controller.LoginController.index()', 'model: {\"user\":{\"userId\":4,\"username\":\"MrBird\",\"password\":\"42ee25d1e43e9f57119a00d0a39e5250\",\"deptId\":5,\"deptName\":null,\"email\":\"mrbird@hotmail.com\",\"mobile\":\"13455533222\",\"status\":\"1\",\"crateTime\":\"2017-12-27 15:47:19\",\"modifyTime\":\"2018-03-21 09:05:12\",\"lastLoginTime\":\"2019-08-09 17:04:59\",\"ssex\":\"0\",\"theme\":\"green\",\"avatar\":\"default.jpg\",\"description\":\"我是作者。\",\"roleName\":null}}', '127.0.0.1', '2019-08-09 17:27:37', null);
INSERT INTO `t_log` VALUES ('940', 'MrBird', '获取用户信息', '15', 'cc.mrbird.system.controller.UserController.userList()', 'request: {\"pageSize\":10,\"pageNum\":1}  user: {\"userId\":null,\"username\":\"\",\"password\":null,\"deptId\":null,\"deptName\":null,\"email\":null,\"mobile\":null,\"status\":\"\",\"crateTime\":null,\"modifyTime\":null,\"lastLoginTime\":null,\"ssex\":\"\",\"theme\":null,\"avatar\":null,\"description\":null,\"roleName\":null}', '127.0.0.1', '2019-08-09 17:27:41', null);
INSERT INTO `t_log` VALUES ('941', 'MrBird', '获取角色信息', '0', 'cc.mrbird.system.controller.RoleController.index()', '', '127.0.0.1', '2019-08-09 17:31:35', null);
INSERT INTO `t_log` VALUES ('942', 'MrBird', '获取菜单信息', '0', 'cc.mrbird.system.controller.MenuController.index()', '', '127.0.0.1', '2019-08-09 17:31:36', null);
INSERT INTO `t_log` VALUES ('943', 'MrBird', '获取部门信息', '0', 'cc.mrbird.system.controller.DeptController.index()', '', '127.0.0.1', '2019-08-09 17:31:37', 'XX内网IP');
INSERT INTO `t_log` VALUES ('944', 'MrBird', '获取字典信息', '3', 'cc.mrbird.system.controller.DictController.index()', '', '127.0.0.1', '2019-08-09 17:31:38', null);
INSERT INTO `t_log` VALUES ('945', 'MrBird', '获取用户信息', '9', 'cc.mrbird.system.controller.UserController.userList()', 'request: {\"pageSize\":10,\"pageNum\":1}  user: {\"userId\":null,\"username\":\"\",\"password\":null,\"deptId\":null,\"deptName\":null,\"email\":null,\"mobile\":null,\"status\":\"\",\"crateTime\":null,\"modifyTime\":null,\"lastLoginTime\":null,\"ssex\":\"\",\"theme\":null,\"avatar\":null,\"description\":null,\"roleName\":null}', '127.0.0.1', '2019-08-09 17:31:58', null);
INSERT INTO `t_log` VALUES ('946', 'MrBird', '访问系统', '0', 'cc.mrbird.system.controller.LoginController.index()', 'model: {\"user\":{\"userId\":4,\"username\":\"MrBird\",\"password\":\"42ee25d1e43e9f57119a00d0a39e5250\",\"deptId\":5,\"deptName\":null,\"email\":\"mrbird@hotmail.com\",\"mobile\":\"13455533222\",\"status\":\"1\",\"crateTime\":\"2017-12-27 15:47:19\",\"modifyTime\":\"2018-03-21 09:05:12\",\"lastLoginTime\":\"2019-08-09 17:27:37\",\"ssex\":\"0\",\"theme\":\"green\",\"avatar\":\"default.jpg\",\"description\":\"我是作者。\",\"roleName\":null}}', '127.0.0.1', '2019-08-12 15:06:55', 'XX内网IP');
INSERT INTO `t_log` VALUES ('947', 'MrBird', '访问系统', '0', 'cc.mrbird.system.controller.LoginController.index()', 'model: {\"user\":{\"userId\":4,\"username\":\"MrBird\",\"password\":\"42ee25d1e43e9f57119a00d0a39e5250\",\"deptId\":5,\"deptName\":null,\"email\":\"mrbird@hotmail.com\",\"mobile\":\"13455533222\",\"status\":\"1\",\"crateTime\":\"2017-12-27 15:47:19\",\"modifyTime\":\"2018-03-21 09:05:12\",\"lastLoginTime\":\"2019-08-12 15:06:55\",\"ssex\":\"0\",\"theme\":\"green\",\"avatar\":\"default.jpg\",\"description\":\"我是作者。\",\"roleName\":null}}', '127.0.0.1', '2019-08-12 16:14:34', null);
INSERT INTO `t_log` VALUES ('948', 'MrBird', '获取用户信息', '16', 'cc.mrbird.system.controller.UserController.userList()', 'request: {\"pageSize\":10,\"pageNum\":1}  user: {\"userId\":null,\"username\":\"\",\"password\":null,\"deptId\":null,\"deptName\":null,\"email\":null,\"mobile\":null,\"status\":\"\",\"crateTime\":null,\"modifyTime\":null,\"lastLoginTime\":null,\"ssex\":\"\",\"theme\":null,\"avatar\":null,\"description\":null,\"roleName\":null}', '127.0.0.1', '2019-08-12 16:14:37', null);
INSERT INTO `t_log` VALUES ('949', 'MrBird', '获取部门信息', '1', 'cc.mrbird.system.controller.DeptController.index()', '', '127.0.0.1', '2019-08-12 16:16:43', 'XX内网IP');
INSERT INTO `t_log` VALUES ('950', 'MrBird', '访问系统', '0', 'cc.mrbird.system.controller.LoginController.index()', 'model: {\"user\":{\"userId\":4,\"username\":\"MrBird\",\"password\":\"42ee25d1e43e9f57119a00d0a39e5250\",\"deptId\":5,\"deptName\":null,\"email\":\"mrbird@hotmail.com\",\"mobile\":\"13455533222\",\"status\":\"1\",\"crateTime\":\"2017-12-27 15:47:19\",\"modifyTime\":\"2018-03-21 09:05:12\",\"lastLoginTime\":\"2019-08-12 16:14:34\",\"ssex\":\"0\",\"theme\":\"green\",\"avatar\":\"default.jpg\",\"description\":\"我是作者。\",\"roleName\":null}}', '127.0.0.1', '2019-08-13 08:35:56', 'XX内网IP');
INSERT INTO `t_log` VALUES ('951', 'MrBird', '获取部门信息', '0', 'cc.mrbird.system.controller.DeptController.index()', '', '127.0.0.1', '2019-08-13 08:36:05', null);
INSERT INTO `t_log` VALUES ('952', 'MrBird', '获取部门信息', '0', 'cc.mrbird.system.controller.DeptController.index()', '', '127.0.0.1', '2019-08-13 08:36:22', null);
INSERT INTO `t_log` VALUES ('953', 'MrBird', '获取角色信息', '0', 'cc.mrbird.system.controller.RoleController.index()', '', '127.0.0.1', '2019-08-13 08:36:25', 'XX内网IP');
INSERT INTO `t_log` VALUES ('954', 'MrBird', '获取部门信息', '0', 'cc.mrbird.system.controller.DeptController.index()', '', '127.0.0.1', '2019-08-13 08:36:26', null);
INSERT INTO `t_log` VALUES ('955', 'MrBird', '访问系统', '0', 'cc.mrbird.system.controller.LoginController.index()', 'model: {\"user\":{\"userId\":4,\"username\":\"MrBird\",\"password\":\"42ee25d1e43e9f57119a00d0a39e5250\",\"deptId\":5,\"deptName\":null,\"email\":\"mrbird@hotmail.com\",\"mobile\":\"13455533222\",\"status\":\"1\",\"crateTime\":\"2017-12-27 15:47:19\",\"modifyTime\":\"2018-03-21 09:05:12\",\"lastLoginTime\":\"2019-08-12 16:14:34\",\"ssex\":\"0\",\"theme\":\"green\",\"avatar\":\"default.jpg\",\"description\":\"我是作者。\",\"roleName\":null}}', '127.0.0.1', '2019-08-13 08:38:55', null);
INSERT INTO `t_log` VALUES ('956', 'MrBird', '获取在线用户信息', '2', 'cc.mrbird.system.controller.SessionController.online()', '', '127.0.0.1', '2019-08-13 08:38:59', null);
INSERT INTO `t_log` VALUES ('957', 'MrBird', '访问系统', '0', 'cc.mrbird.system.controller.LoginController.index()', 'model: {\"user\":{\"userId\":4,\"username\":\"MrBird\",\"password\":\"42ee25d1e43e9f57119a00d0a39e5250\",\"deptId\":5,\"deptName\":null,\"email\":\"mrbird@hotmail.com\",\"mobile\":\"13455533222\",\"status\":\"1\",\"crateTime\":\"2017-12-27 15:47:19\",\"modifyTime\":\"2018-03-21 09:05:12\",\"lastLoginTime\":\"2019-08-12 16:14:34\",\"ssex\":\"0\",\"theme\":\"green\",\"avatar\":\"default.jpg\",\"description\":\"我是作者。\",\"roleName\":null}}', '127.0.0.1', '2019-08-13 08:39:06', null);
INSERT INTO `t_log` VALUES ('958', 'MrBird', '获取用户信息', '7', 'cc.mrbird.system.controller.UserController.userList()', 'request: {\"pageSize\":10,\"pageNum\":1}  user: {\"userId\":null,\"username\":\"\",\"password\":null,\"deptId\":null,\"deptName\":null,\"email\":null,\"mobile\":null,\"status\":\"\",\"crateTime\":null,\"modifyTime\":null,\"lastLoginTime\":null,\"ssex\":\"\",\"theme\":null,\"avatar\":null,\"description\":null,\"roleName\":null}', '127.0.0.1', '2019-08-13 08:39:09', null);
INSERT INTO `t_log` VALUES ('959', 'MrBird', '访问系统', '0', 'cc.mrbird.system.controller.LoginController.index()', 'model: {\"user\":{\"userId\":4,\"username\":\"MrBird\",\"password\":\"42ee25d1e43e9f57119a00d0a39e5250\",\"deptId\":5,\"deptName\":null,\"email\":\"mrbird@hotmail.com\",\"mobile\":\"13455533222\",\"status\":\"1\",\"crateTime\":\"2017-12-27 15:47:19\",\"modifyTime\":\"2018-03-21 09:05:12\",\"lastLoginTime\":\"2019-08-12 16:14:34\",\"ssex\":\"0\",\"theme\":\"green\",\"avatar\":\"default.jpg\",\"description\":\"我是作者。\",\"roleName\":null}}', '127.0.0.1', '2019-08-13 08:40:01', null);
INSERT INTO `t_log` VALUES ('960', 'MrBird', '访问系统', '1', 'cc.mrbird.system.controller.LoginController.index()', 'model: {\"user\":{\"userId\":4,\"username\":\"MrBird\",\"password\":\"42ee25d1e43e9f57119a00d0a39e5250\",\"deptId\":5,\"deptName\":null,\"email\":\"mrbird@hotmail.com\",\"mobile\":\"13455533222\",\"status\":\"1\",\"crateTime\":\"2017-12-27 15:47:19\",\"modifyTime\":\"2018-03-21 09:05:12\",\"lastLoginTime\":\"2019-08-13 08:35:56\",\"ssex\":\"0\",\"theme\":\"green\",\"avatar\":\"default.jpg\",\"description\":\"我是作者。\",\"roleName\":null}}', '127.0.0.1', '2019-08-13 09:34:55', 'XX内网IP');
INSERT INTO `t_log` VALUES ('961', 'MrBird', '获取部门信息', '7', 'cc.mrbird.system.controller.DeptController.index()', '', '127.0.0.1', '2019-08-13 09:34:59', null);
INSERT INTO `t_log` VALUES ('962', 'MrBird', '获取角色信息', '7', 'cc.mrbird.system.controller.RoleController.index()', '', '127.0.0.1', '2019-08-13 09:35:14', null);
INSERT INTO `t_log` VALUES ('963', 'MrBird', '获取部门信息', '0', 'cc.mrbird.system.controller.DeptController.index()', '', '127.0.0.1', '2019-08-13 09:35:15', null);
INSERT INTO `t_log` VALUES ('964', 'MrBird', '访问系统', '0', 'cc.mrbird.system.controller.LoginController.index()', 'model: {\"user\":{\"userId\":4,\"username\":\"MrBird\",\"password\":\"42ee25d1e43e9f57119a00d0a39e5250\",\"deptId\":5,\"deptName\":null,\"email\":\"mrbird@hotmail.com\",\"mobile\":\"13455533222\",\"status\":\"1\",\"crateTime\":\"2017-12-27 15:47:19\",\"modifyTime\":\"2018-03-21 09:05:12\",\"lastLoginTime\":\"2019-08-13 08:35:56\",\"ssex\":\"0\",\"theme\":\"green\",\"avatar\":\"default.jpg\",\"description\":\"我是作者。\",\"roleName\":null}}', '127.0.0.1', '2019-08-13 09:35:59', null);
INSERT INTO `t_log` VALUES ('965', 'MrBird', '获取部门信息', '1', 'cc.mrbird.system.controller.DeptController.index()', '', '127.0.0.1', '2019-08-13 09:36:04', null);
INSERT INTO `t_log` VALUES ('966', 'MrBird', '访问系统', '1', 'cc.mrbird.system.controller.LoginController.index()', 'model: {\"user\":{\"userId\":4,\"username\":\"MrBird\",\"password\":\"42ee25d1e43e9f57119a00d0a39e5250\",\"deptId\":5,\"deptName\":null,\"email\":\"mrbird@hotmail.com\",\"mobile\":\"13455533222\",\"status\":\"1\",\"crateTime\":\"2017-12-27 15:47:19\",\"modifyTime\":\"2018-03-21 09:05:12\",\"lastLoginTime\":\"2019-08-13 09:34:55\",\"ssex\":\"0\",\"theme\":\"green\",\"avatar\":\"default.jpg\",\"description\":\"我是作者。\",\"roleName\":null}}', '127.0.0.1', '2019-08-13 16:15:51', null);
INSERT INTO `t_log` VALUES ('967', 'MrBird', '访问系统', '0', 'cc.mrbird.system.controller.LoginController.index()', 'model: {\"user\":{\"userId\":4,\"username\":\"MrBird\",\"password\":\"42ee25d1e43e9f57119a00d0a39e5250\",\"deptId\":5,\"deptName\":null,\"email\":\"mrbird@hotmail.com\",\"mobile\":\"13455533222\",\"status\":\"1\",\"crateTime\":\"2017-12-27 15:47:19\",\"modifyTime\":\"2018-03-21 09:05:12\",\"lastLoginTime\":\"2019-08-13 16:15:51\",\"ssex\":\"0\",\"theme\":\"green\",\"avatar\":\"default.jpg\",\"description\":\"我是作者。\",\"roleName\":null}}', '127.0.0.1', '2019-08-13 16:18:25', null);
INSERT INTO `t_log` VALUES ('968', 'MrBird', '获取用户信息', '58', 'cc.mrbird.system.controller.UserController.userList()', 'request: {\"pageSize\":10,\"pageNum\":1}  user: {\"userId\":null,\"username\":\"\",\"password\":null,\"deptId\":null,\"deptName\":null,\"email\":null,\"mobile\":null,\"status\":\"\",\"crateTime\":null,\"modifyTime\":null,\"lastLoginTime\":null,\"ssex\":\"\",\"theme\":null,\"avatar\":null,\"description\":null,\"roleName\":null}', '127.0.0.1', '2019-08-13 16:18:28', null);
INSERT INTO `t_log` VALUES ('969', 'MrBird', '获取定时任务信息', '8', 'cc.mrbird.job.controller.JobController.index()', '', '127.0.0.1', '2019-08-13 16:18:54', 'XX内网IP');
INSERT INTO `t_log` VALUES ('970', 'MrBird', '获取调度日志信息', '7', 'cc.mrbird.job.controller.JobLogController.index()', '', '127.0.0.1', '2019-08-13 16:20:08', 'XX内网IP');
INSERT INTO `t_log` VALUES ('971', 'MrBird', '获取天气信息', '7', 'cc.mrbird.web.controller.WeatherController.weather()', '', '127.0.0.1', '2019-08-13 16:20:10', null);
INSERT INTO `t_log` VALUES ('972', 'MrBird', '获取每日一文信息', '5', 'cc.mrbird.web.controller.ArticleController.index()', '', '127.0.0.1', '2019-08-13 16:20:20', null);
INSERT INTO `t_log` VALUES ('973', 'MrBird', '获取热门电影信息', '7', 'cc.mrbird.web.controller.MovieController.movieHot()', '', '127.0.0.1', '2019-08-13 16:20:22', null);
INSERT INTO `t_log` VALUES ('974', 'MrBird', '获取即将上映电影信息', '0', 'cc.mrbird.web.controller.MovieController.movieComing()', '', '127.0.0.1', '2019-08-13 16:20:27', null);
INSERT INTO `t_log` VALUES ('975', 'MrBird', '获取One--绘画信息', '7', 'cc.mrbird.web.controller.OneIsAllController.paintIndex()', '', '127.0.0.1', '2019-08-13 16:20:31', 'XX内网IP');
INSERT INTO `t_log` VALUES ('976', 'MrBird', '获取One--文章信息', '0', 'cc.mrbird.web.controller.OneIsAllController.yuwenIndex()', '', '127.0.0.1', '2019-08-13 16:20:33', 'XX内网IP');
INSERT INTO `t_log` VALUES ('977', 'MrBird', '访问系统', '0', 'cc.mrbird.system.controller.LoginController.index()', 'model: {\"user\":{\"userId\":4,\"username\":\"MrBird\",\"password\":\"42ee25d1e43e9f57119a00d0a39e5250\",\"deptId\":5,\"deptName\":null,\"email\":\"mrbird@hotmail.com\",\"mobile\":\"13455533222\",\"status\":\"1\",\"crateTime\":\"2017-12-27 15:47:19\",\"modifyTime\":\"2018-03-21 09:05:12\",\"lastLoginTime\":\"2019-08-13 16:15:51\",\"ssex\":\"0\",\"theme\":\"green\",\"avatar\":\"default.jpg\",\"description\":\"我是作者。\",\"roleName\":null}}', '127.0.0.1', '2019-08-13 16:22:15', null);
INSERT INTO `t_log` VALUES ('978', 'MrBird', '访问系统', '0', 'cc.mrbird.system.controller.LoginController.index()', 'model: {\"user\":{\"userId\":4,\"username\":\"MrBird\",\"password\":\"42ee25d1e43e9f57119a00d0a39e5250\",\"deptId\":5,\"deptName\":null,\"email\":\"mrbird@hotmail.com\",\"mobile\":\"13455533222\",\"status\":\"1\",\"crateTime\":\"2017-12-27 15:47:19\",\"modifyTime\":\"2018-03-21 09:05:12\",\"lastLoginTime\":\"2019-08-13 16:18:25\",\"ssex\":\"0\",\"theme\":\"green\",\"avatar\":\"default.jpg\",\"description\":\"我是作者。\",\"roleName\":null}}', '127.0.0.1', '2019-08-13 16:23:05', null);
INSERT INTO `t_log` VALUES ('979', 'MrBird', '获取角色信息', '3', 'cc.mrbird.system.controller.RoleController.index()', '', '127.0.0.1', '2019-08-13 16:23:10', null);
INSERT INTO `t_log` VALUES ('980', 'MrBird', '访问系统', '0', 'cc.mrbird.system.controller.LoginController.index()', 'model: {\"user\":{\"userId\":4,\"username\":\"MrBird\",\"password\":\"42ee25d1e43e9f57119a00d0a39e5250\",\"deptId\":5,\"deptName\":null,\"email\":\"mrbird@hotmail.com\",\"mobile\":\"13455533222\",\"status\":\"1\",\"crateTime\":\"2017-12-27 15:47:19\",\"modifyTime\":\"2018-03-21 09:05:12\",\"lastLoginTime\":\"2019-08-13 16:23:05\",\"ssex\":\"0\",\"theme\":\"green\",\"avatar\":\"default.jpg\",\"description\":\"我是作者。\",\"roleName\":null}}', '127.0.0.1', '2019-08-13 22:09:16', null);
INSERT INTO `t_log` VALUES ('981', 'MrBird', '访问系统', '0', 'cc.mrbird.system.controller.LoginController.index()', 'model: {\"user\":{\"userId\":4,\"username\":\"MrBird\",\"password\":\"42ee25d1e43e9f57119a00d0a39e5250\",\"deptId\":5,\"deptName\":null,\"email\":\"mrbird@hotmail.com\",\"mobile\":\"13455533222\",\"status\":\"1\",\"crateTime\":\"2017-12-27 15:47:19\",\"modifyTime\":\"2018-03-21 09:05:12\",\"lastLoginTime\":\"2019-08-13 16:23:05\",\"ssex\":\"0\",\"theme\":\"green\",\"avatar\":\"default.jpg\",\"description\":\"我是作者。\",\"roleName\":null}}', '127.0.0.1', '2019-08-13 22:23:49', null);
INSERT INTO `t_log` VALUES ('982', 'MrBird', '访问系统', '0', 'cc.mrbird.system.controller.LoginController.index()', 'model: {\"user\":{\"userId\":4,\"username\":\"MrBird\",\"password\":\"42ee25d1e43e9f57119a00d0a39e5250\",\"deptId\":5,\"deptName\":null,\"email\":\"mrbird@hotmail.com\",\"mobile\":\"13455533222\",\"status\":\"1\",\"crateTime\":\"2017-12-27 15:47:19\",\"modifyTime\":\"2018-03-21 09:05:12\",\"lastLoginTime\":\"2019-08-13 16:23:05\",\"ssex\":\"0\",\"theme\":\"green\",\"avatar\":\"default.jpg\",\"description\":\"我是作者。\",\"roleName\":null}}', '127.0.0.1', '2019-08-13 22:24:33', 'XX内网IP');
INSERT INTO `t_log` VALUES ('983', 'MrBird', '访问系统', '0', 'cc.mrbird.system.controller.LoginController.index()', 'model: {\"user\":{\"userId\":4,\"username\":\"MrBird\",\"password\":\"42ee25d1e43e9f57119a00d0a39e5250\",\"deptId\":5,\"deptName\":null,\"email\":\"mrbird@hotmail.com\",\"mobile\":\"13455533222\",\"status\":\"1\",\"crateTime\":\"2017-12-27 15:47:19\",\"modifyTime\":\"2018-03-21 09:05:12\",\"lastLoginTime\":\"2019-08-13 16:23:05\",\"ssex\":\"0\",\"theme\":\"green\",\"avatar\":\"default.jpg\",\"description\":\"我是作者。\",\"roleName\":null}}', '127.0.0.1', '2019-08-13 22:28:54', 'XX内网IP');
INSERT INTO `t_log` VALUES ('984', 'MrBird', '获取菜单信息', '0', 'cc.mrbird.system.controller.MenuController.index()', '', '127.0.0.1', '2019-08-13 22:29:00', null);
INSERT INTO `t_log` VALUES ('985', 'MrBird', '新增菜单/按钮', '10', 'cc.mrbird.system.controller.MenuController.addMenu()', 'menu: {\"menuId\":204,\"parentId\":0,\"menuName\":\"基础信息管理\",\"url\":\"info\",\"perms\":\"\",\"icon\":\"zmdi zmdi-settings\",\"type\":\"0\",\"orderNum\":null,\"createTime\":\"2019-08-13 22:30:30\",\"modifyTime\":null}', '127.0.0.1', '2019-08-13 22:30:30', null);
INSERT INTO `t_log` VALUES ('986', 'MrBird', '新增菜单/按钮', '6', 'cc.mrbird.system.controller.MenuController.addMenu()', 'menu: {\"menuId\":203,\"parentId\":0,\"menuName\":\"基础信息管理\",\"url\":\"info\",\"perms\":\"\",\"icon\":\"zmdi zmdi-settings\",\"type\":\"0\",\"orderNum\":null,\"createTime\":\"2019-08-13 22:30:28\",\"modifyTime\":null}', '127.0.0.1', '2019-08-13 22:30:28', null);
INSERT INTO `t_log` VALUES ('987', 'MrBird', '访问系统', '0', 'cc.mrbird.system.controller.LoginController.index()', 'model: {\"user\":{\"userId\":4,\"username\":\"MrBird\",\"password\":\"42ee25d1e43e9f57119a00d0a39e5250\",\"deptId\":5,\"deptName\":null,\"email\":\"mrbird@hotmail.com\",\"mobile\":\"13455533222\",\"status\":\"1\",\"crateTime\":\"2017-12-27 15:47:19\",\"modifyTime\":\"2018-03-21 09:05:12\",\"lastLoginTime\":\"2019-08-13 16:23:05\",\"ssex\":\"0\",\"theme\":\"green\",\"avatar\":\"default.jpg\",\"description\":\"我是作者。\",\"roleName\":null}}', '127.0.0.1', '2019-08-13 22:30:38', 'XX内网IP');
INSERT INTO `t_log` VALUES ('988', 'MrBird', '获取菜单信息', '0', 'cc.mrbird.system.controller.MenuController.index()', '', '127.0.0.1', '2019-08-13 22:30:48', null);
INSERT INTO `t_log` VALUES ('989', 'MrBird', '删除菜单', '7', 'cc.mrbird.system.controller.MenuController.deleteMenus()', 'ids: \"204\"', '127.0.0.1', '2019-08-13 22:31:22', 'XX内网IP');
INSERT INTO `t_log` VALUES ('990', 'MrBird', '获取角色信息', '3', 'cc.mrbird.system.controller.RoleController.index()', '', '127.0.0.1', '2019-08-13 22:31:29', null);
INSERT INTO `t_log` VALUES ('991', 'MrBird', '获取角色信息', '0', 'cc.mrbird.system.controller.RoleController.index()', '', '127.0.0.1', '2019-08-13 22:31:30', null);
INSERT INTO `t_log` VALUES ('992', 'MrBird', '获取字典信息', '3', 'cc.mrbird.system.controller.DictController.index()', '', '127.0.0.1', '2019-08-13 22:31:40', null);
INSERT INTO `t_log` VALUES ('993', 'MrBird', '获取用户信息', '19', 'cc.mrbird.system.controller.UserController.userList()', 'request: {\"pageSize\":10,\"pageNum\":1}  user: {\"userId\":null,\"username\":\"\",\"password\":null,\"deptId\":null,\"deptName\":null,\"email\":null,\"mobile\":null,\"status\":\"\",\"crateTime\":null,\"modifyTime\":null,\"lastLoginTime\":null,\"ssex\":\"\",\"theme\":null,\"avatar\":null,\"description\":null,\"roleName\":null}', '127.0.0.1', '2019-08-13 22:31:47', 'XX内网IP');
INSERT INTO `t_log` VALUES ('994', 'MrBird', '获取角色信息', '0', 'cc.mrbird.system.controller.RoleController.index()', '', '127.0.0.1', '2019-08-13 22:31:51', 'XX内网IP');
INSERT INTO `t_log` VALUES ('995', 'MrBird', '修改角色', '100', 'cc.mrbird.system.controller.RoleController.updateRole()', 'role: {\"roleId\":1,\"roleName\":\"管理员\",\"remark\":\"管理员\",\"createTime\":null,\"modifyTime\":\"2019-08-13 22:32:03\"}  menuId: [59,2,3,67,1,4,5,6,20,21,22,10,8,58,66,11,12,64,13,14,65,15,16,17,18,23,81,82,83,19,24,61,86,87,88,89,101,102,103,104,105,106,107,108,109,110,203]', '127.0.0.1', '2019-08-13 22:32:04', 'XX内网IP');
INSERT INTO `t_log` VALUES ('996', 'MrBird', '访问系统', '0', 'cc.mrbird.system.controller.LoginController.index()', 'model: {\"user\":{\"userId\":4,\"username\":\"MrBird\",\"password\":\"42ee25d1e43e9f57119a00d0a39e5250\",\"deptId\":5,\"deptName\":null,\"email\":\"mrbird@hotmail.com\",\"mobile\":\"13455533222\",\"status\":\"1\",\"crateTime\":\"2017-12-27 15:47:19\",\"modifyTime\":\"2018-03-21 09:05:12\",\"lastLoginTime\":\"2019-08-13 16:23:05\",\"ssex\":\"0\",\"theme\":\"green\",\"avatar\":\"default.jpg\",\"description\":\"我是作者。\",\"roleName\":null}}', '127.0.0.1', '2019-08-13 22:32:13', null);
INSERT INTO `t_log` VALUES ('997', 'MrBird', '获取菜单信息', '0', 'cc.mrbird.system.controller.MenuController.index()', '', '127.0.0.1', '2019-08-13 22:32:21', null);
INSERT INTO `t_log` VALUES ('998', 'MrBird', '新增菜单/按钮', '10', 'cc.mrbird.system.controller.MenuController.addMenu()', 'menu: {\"menuId\":205,\"parentId\":203,\"menuName\":\"地区管理\",\"url\":\"area\",\"perms\":\"\",\"icon\":\"zmdi zmdi-pin-drop\",\"type\":\"0\",\"orderNum\":null,\"createTime\":\"2019-08-13 22:33:07\",\"modifyTime\":null}', '127.0.0.1', '2019-08-13 22:33:07', 'XX内网IP');
INSERT INTO `t_log` VALUES ('999', 'MrBird', '访问系统', '0', 'cc.mrbird.system.controller.LoginController.index()', 'model: {\"user\":{\"userId\":4,\"username\":\"MrBird\",\"password\":\"42ee25d1e43e9f57119a00d0a39e5250\",\"deptId\":5,\"deptName\":null,\"email\":\"mrbird@hotmail.com\",\"mobile\":\"13455533222\",\"status\":\"1\",\"crateTime\":\"2017-12-27 15:47:19\",\"modifyTime\":\"2018-03-21 09:05:12\",\"lastLoginTime\":\"2019-08-13 16:23:05\",\"ssex\":\"0\",\"theme\":\"green\",\"avatar\":\"default.jpg\",\"description\":\"我是作者。\",\"roleName\":null}}', '127.0.0.1', '2019-08-13 22:33:45', null);
INSERT INTO `t_log` VALUES ('1000', 'MrBird', '获取角色信息', '0', 'cc.mrbird.system.controller.RoleController.index()', '', '127.0.0.1', '2019-08-13 22:33:53', null);
INSERT INTO `t_log` VALUES ('1001', 'MrBird', '修改角色', '99', 'cc.mrbird.system.controller.RoleController.updateRole()', 'role: {\"roleId\":1,\"roleName\":\"管理员\",\"remark\":\"管理员\",\"createTime\":null,\"modifyTime\":\"2019-08-13 22:34:05\"}  menuId: [59,2,3,67,1,4,5,6,20,21,22,10,8,58,66,11,12,64,13,14,65,15,16,17,18,23,81,82,83,19,24,61,86,87,88,89,101,102,103,104,105,106,107,108,109,110,203,205]', '127.0.0.1', '2019-08-13 22:34:05', null);
INSERT INTO `t_log` VALUES ('1002', 'MrBird', '访问系统', '0', 'cc.mrbird.system.controller.LoginController.index()', 'model: {\"user\":{\"userId\":4,\"username\":\"MrBird\",\"password\":\"42ee25d1e43e9f57119a00d0a39e5250\",\"deptId\":5,\"deptName\":null,\"email\":\"mrbird@hotmail.com\",\"mobile\":\"13455533222\",\"status\":\"1\",\"crateTime\":\"2017-12-27 15:47:19\",\"modifyTime\":\"2018-03-21 09:05:12\",\"lastLoginTime\":\"2019-08-13 16:23:05\",\"ssex\":\"0\",\"theme\":\"green\",\"avatar\":\"default.jpg\",\"description\":\"我是作者。\",\"roleName\":null}}', '127.0.0.1', '2019-08-13 22:34:11', null);
INSERT INTO `t_log` VALUES ('1003', 'MrBird', '访问系统', '0', 'cc.mrbird.system.controller.LoginController.index()', 'model: {\"user\":{\"userId\":4,\"username\":\"MrBird\",\"password\":\"42ee25d1e43e9f57119a00d0a39e5250\",\"deptId\":5,\"deptName\":null,\"email\":\"mrbird@hotmail.com\",\"mobile\":\"13455533222\",\"status\":\"1\",\"crateTime\":\"2017-12-27 15:47:19\",\"modifyTime\":\"2018-03-21 09:05:12\",\"lastLoginTime\":\"2019-08-13 22:09:16\",\"ssex\":\"0\",\"theme\":\"green\",\"avatar\":\"default.jpg\",\"description\":\"我是作者。\",\"roleName\":null}}', '127.0.0.1', '2019-08-14 00:00:51', null);
INSERT INTO `t_log` VALUES ('1004', 'MrBird', '获取部门信息', '2', 'cc.mrbird.basicInfo.controller.AreaController.index()', '', '127.0.0.1', '2019-08-14 00:00:57', 'XX内网IP');
INSERT INTO `t_log` VALUES ('1005', 'MrBird', '获取角色信息', '3', 'cc.mrbird.system.controller.RoleController.index()', '', '127.0.0.1', '2019-08-14 00:01:02', null);
INSERT INTO `t_log` VALUES ('1006', 'MrBird', '获取菜单信息', '0', 'cc.mrbird.system.controller.MenuController.index()', '', '127.0.0.1', '2019-08-14 00:01:14', null);
INSERT INTO `t_log` VALUES ('1007', 'MrBird', '获取菜单信息', '0', 'cc.mrbird.system.controller.MenuController.index()', '', '127.0.0.1', '2019-08-14 00:01:15', null);
INSERT INTO `t_log` VALUES ('1008', 'MrBird', '获取菜单信息', '0', 'cc.mrbird.system.controller.MenuController.index()', '', '127.0.0.1', '2019-08-14 00:01:16', null);
INSERT INTO `t_log` VALUES ('1009', 'MrBird', '新增菜单/按钮', '10', 'cc.mrbird.system.controller.MenuController.addMenu()', 'menu: {\"menuId\":206,\"parentId\":205,\"menuName\":\"新增区域\",\"url\":\"\",\"perms\":\"area:add\",\"icon\":\"\",\"type\":\"1\",\"orderNum\":null,\"createTime\":\"2019-08-14 00:02:17\",\"modifyTime\":null}', '127.0.0.1', '2019-08-14 00:02:17', null);
INSERT INTO `t_log` VALUES ('1010', 'MrBird', '新增菜单/按钮', '10', 'cc.mrbird.system.controller.MenuController.addMenu()', 'menu: {\"menuId\":207,\"parentId\":205,\"menuName\":\"修改区域\",\"url\":\"\",\"perms\":\"area:update\",\"icon\":\"\",\"type\":\"1\",\"orderNum\":null,\"createTime\":\"2019-08-14 00:03:00\",\"modifyTime\":null}', '127.0.0.1', '2019-08-14 00:03:00', null);
INSERT INTO `t_log` VALUES ('1011', 'MrBird', '新增菜单/按钮', '0', 'cc.mrbird.system.controller.MenuController.addMenu()', 'menu: {\"menuId\":208,\"parentId\":205,\"menuName\":\"删除区域\",\"url\":\"\",\"perms\":\"area:delete\",\"icon\":\"\",\"type\":\"1\",\"orderNum\":null,\"createTime\":\"2019-08-14 00:03:24\",\"modifyTime\":null}', '127.0.0.1', '2019-08-14 00:03:24', null);
INSERT INTO `t_log` VALUES ('1012', 'MrBird', '获取部门信息', '0', 'cc.mrbird.basicInfo.controller.AreaController.index()', '', '127.0.0.1', '2019-08-14 00:03:47', 'XX内网IP');
INSERT INTO `t_log` VALUES ('1013', 'MrBird', '获取部门信息', '0', 'cc.mrbird.basicInfo.controller.AreaController.index()', '', '127.0.0.1', '2019-08-14 00:03:47', 'XX内网IP');
INSERT INTO `t_log` VALUES ('1014', 'MrBird', '获取部门信息', '0', 'cc.mrbird.basicInfo.controller.AreaController.index()', '', '127.0.0.1', '2019-08-14 00:03:46', null);
INSERT INTO `t_log` VALUES ('1015', 'MrBird', '获取部门信息', '0', 'cc.mrbird.basicInfo.controller.AreaController.index()', '', '127.0.0.1', '2019-08-14 00:03:48', 'XX内网IP');
INSERT INTO `t_log` VALUES ('1016', 'MrBird', '获取部门信息', '0', 'cc.mrbird.basicInfo.controller.AreaController.index()', '', '127.0.0.1', '2019-08-14 00:03:48', 'XX内网IP');
INSERT INTO `t_log` VALUES ('1017', 'MrBird', '获取角色信息', '0', 'cc.mrbird.system.controller.RoleController.index()', '', '127.0.0.1', '2019-08-14 00:04:01', null);
INSERT INTO `t_log` VALUES ('1018', 'MrBird', '修改角色', '110', 'cc.mrbird.system.controller.RoleController.updateRole()', 'role: {\"roleId\":1,\"roleName\":\"管理员\",\"remark\":\"管理员\",\"createTime\":null,\"modifyTime\":\"2019-08-14 00:04:15\"}  menuId: [59,2,3,67,1,4,5,6,20,21,22,10,8,58,66,11,12,64,13,14,65,15,16,17,18,23,81,82,83,19,24,61,86,87,88,89,101,102,103,104,105,106,107,108,109,110,203,205,206,207,208]', '127.0.0.1', '2019-08-14 00:04:15', null);
INSERT INTO `t_log` VALUES ('1019', 'MrBird', '访问系统', '0', 'cc.mrbird.system.controller.LoginController.index()', 'model: {\"user\":{\"userId\":4,\"username\":\"MrBird\",\"password\":\"42ee25d1e43e9f57119a00d0a39e5250\",\"deptId\":5,\"deptName\":null,\"email\":\"mrbird@hotmail.com\",\"mobile\":\"13455533222\",\"status\":\"1\",\"crateTime\":\"2017-12-27 15:47:19\",\"modifyTime\":\"2018-03-21 09:05:12\",\"lastLoginTime\":\"2019-08-13 22:09:16\",\"ssex\":\"0\",\"theme\":\"green\",\"avatar\":\"default.jpg\",\"description\":\"我是作者。\",\"roleName\":null}}', '127.0.0.1', '2019-08-14 00:04:21', 'XX内网IP');
INSERT INTO `t_log` VALUES ('1020', 'MrBird', '获取部门信息', '0', 'cc.mrbird.basicInfo.controller.AreaController.index()', '', '127.0.0.1', '2019-08-14 00:04:23', 'XX内网IP');
INSERT INTO `t_log` VALUES ('1021', 'MrBird', '获取部门信息', '0', 'cc.mrbird.basicInfo.controller.AreaController.index()', '', '127.0.0.1', '2019-08-14 00:04:48', 'XX内网IP');
INSERT INTO `t_log` VALUES ('1022', 'MrBird', '访问系统', '0', 'cc.mrbird.system.controller.LoginController.index()', 'model: {\"user\":{\"userId\":4,\"username\":\"MrBird\",\"password\":\"42ee25d1e43e9f57119a00d0a39e5250\",\"deptId\":5,\"deptName\":null,\"email\":\"mrbird@hotmail.com\",\"mobile\":\"13455533222\",\"status\":\"1\",\"crateTime\":\"2017-12-27 15:47:19\",\"modifyTime\":\"2018-03-21 09:05:12\",\"lastLoginTime\":\"2019-08-13 22:09:16\",\"ssex\":\"0\",\"theme\":\"green\",\"avatar\":\"default.jpg\",\"description\":\"我是作者。\",\"roleName\":null}}', '127.0.0.1', '2019-08-14 00:08:37', null);
INSERT INTO `t_log` VALUES ('1023', 'MrBird', '获取部门信息', '0', 'cc.mrbird.basicInfo.controller.AreaController.index()', '', '127.0.0.1', '2019-08-14 00:08:43', null);
INSERT INTO `t_log` VALUES ('1024', 'MrBird', '访问系统', '0', 'cc.mrbird.system.controller.LoginController.index()', 'model: {\"user\":{\"userId\":4,\"username\":\"MrBird\",\"password\":\"42ee25d1e43e9f57119a00d0a39e5250\",\"deptId\":5,\"deptName\":null,\"email\":\"mrbird@hotmail.com\",\"mobile\":\"13455533222\",\"status\":\"1\",\"crateTime\":\"2017-12-27 15:47:19\",\"modifyTime\":\"2018-03-21 09:05:12\",\"lastLoginTime\":\"2019-08-14 00:00:51\",\"ssex\":\"0\",\"theme\":\"green\",\"avatar\":\"default.jpg\",\"description\":\"我是作者。\",\"roleName\":null}}', '127.0.0.1', '2019-08-14 00:12:15', 'XX内网IP');
INSERT INTO `t_log` VALUES ('1025', 'MrBird', '获取部门信息', '2', 'cc.mrbird.basicInfo.controller.AreaController.index()', '', '127.0.0.1', '2019-08-14 00:12:19', 'XX内网IP');
INSERT INTO `t_log` VALUES ('1026', 'MrBird', '访问系统', '0', 'cc.mrbird.system.controller.LoginController.index()', 'model: {\"user\":{\"userId\":4,\"username\":\"MrBird\",\"password\":\"42ee25d1e43e9f57119a00d0a39e5250\",\"deptId\":5,\"deptName\":null,\"email\":\"mrbird@hotmail.com\",\"mobile\":\"13455533222\",\"status\":\"1\",\"crateTime\":\"2017-12-27 15:47:19\",\"modifyTime\":\"2018-03-21 09:05:12\",\"lastLoginTime\":\"2019-08-14 00:12:15\",\"ssex\":\"0\",\"theme\":\"green\",\"avatar\":\"default.jpg\",\"description\":\"我是作者。\",\"roleName\":null}}', '127.0.0.1', '2019-08-14 00:20:41', 'XX内网IP');
INSERT INTO `t_log` VALUES ('1027', 'MrBird', '获取部门信息', '2', 'cc.mrbird.basicInfo.controller.AreaController.index()', '', '127.0.0.1', '2019-08-14 00:20:44', 'XX内网IP');
INSERT INTO `t_log` VALUES ('1028', 'MrBird', '访问系统', '0', 'cc.mrbird.system.controller.LoginController.index()', 'model: {\"user\":{\"userId\":4,\"username\":\"MrBird\",\"password\":\"42ee25d1e43e9f57119a00d0a39e5250\",\"deptId\":5,\"deptName\":null,\"email\":\"mrbird@hotmail.com\",\"mobile\":\"13455533222\",\"status\":\"1\",\"crateTime\":\"2017-12-27 15:47:19\",\"modifyTime\":\"2018-03-21 09:05:12\",\"lastLoginTime\":\"2019-08-14 00:12:15\",\"ssex\":\"0\",\"theme\":\"green\",\"avatar\":\"default.jpg\",\"description\":\"我是作者。\",\"roleName\":null}}', '127.0.0.1', '2019-08-14 00:21:37', 'XX内网IP');
INSERT INTO `t_log` VALUES ('1029', 'MrBird', '获取部门信息', '0', 'cc.mrbird.basicInfo.controller.AreaController.index()', '', '127.0.0.1', '2019-08-14 00:21:40', 'XX内网IP');
INSERT INTO `t_log` VALUES ('1030', 'MrBird', '访问系统', '0', 'cc.mrbird.system.controller.LoginController.index()', 'model: {\"user\":{\"userId\":4,\"username\":\"MrBird\",\"password\":\"42ee25d1e43e9f57119a00d0a39e5250\",\"deptId\":5,\"deptName\":null,\"email\":\"mrbird@hotmail.com\",\"mobile\":\"13455533222\",\"status\":\"1\",\"crateTime\":\"2017-12-27 15:47:19\",\"modifyTime\":\"2018-03-21 09:05:12\",\"lastLoginTime\":\"2019-08-14 00:12:15\",\"ssex\":\"0\",\"theme\":\"green\",\"avatar\":\"default.jpg\",\"description\":\"我是作者。\",\"roleName\":null}}', '127.0.0.1', '2019-08-14 00:24:34', null);
INSERT INTO `t_log` VALUES ('1031', 'MrBird', '获取部门信息', '0', 'cc.mrbird.basicInfo.controller.AreaController.index()', '', '127.0.0.1', '2019-08-14 00:24:39', 'XX内网IP');
INSERT INTO `t_log` VALUES ('1032', 'MrBird', '访问系统', '0', 'cc.mrbird.system.controller.LoginController.index()', 'model: {\"user\":{\"userId\":4,\"username\":\"MrBird\",\"password\":\"42ee25d1e43e9f57119a00d0a39e5250\",\"deptId\":5,\"deptName\":null,\"email\":\"mrbird@hotmail.com\",\"mobile\":\"13455533222\",\"status\":\"1\",\"crateTime\":\"2017-12-27 15:47:19\",\"modifyTime\":\"2018-03-21 09:05:12\",\"lastLoginTime\":\"2019-08-14 00:20:41\",\"ssex\":\"0\",\"theme\":\"green\",\"avatar\":\"default.jpg\",\"description\":\"我是作者。\",\"roleName\":null}}', '127.0.0.1', '2019-08-14 08:21:18', 'XX内网IP');
INSERT INTO `t_log` VALUES ('1033', 'MrBird', '获取部门信息', '2', 'cc.mrbird.basicInfo.controller.AreaController.index()', '', '127.0.0.1', '2019-08-14 08:21:21', 'XX内网IP');
INSERT INTO `t_log` VALUES ('1034', 'MrBird', '获取字典信息', '3', 'cc.mrbird.system.controller.DictController.index()', '', '127.0.0.1', '2019-08-14 08:21:28', 'XX内网IP');
INSERT INTO `t_log` VALUES ('1035', 'MrBird', '访问系统', '0', 'cc.mrbird.system.controller.LoginController.index()', 'model: {\"user\":{\"userId\":4,\"username\":\"MrBird\",\"password\":\"42ee25d1e43e9f57119a00d0a39e5250\",\"deptId\":5,\"deptName\":null,\"email\":\"mrbird@hotmail.com\",\"mobile\":\"13455533222\",\"status\":\"1\",\"crateTime\":\"2017-12-27 15:47:19\",\"modifyTime\":\"2018-03-21 09:05:12\",\"lastLoginTime\":\"2019-08-14 00:20:41\",\"ssex\":\"0\",\"theme\":\"green\",\"avatar\":\"default.jpg\",\"description\":\"我是作者。\",\"roleName\":null}}', '127.0.0.1', '2019-08-14 08:21:40', 'XX内网IP');
INSERT INTO `t_log` VALUES ('1036', 'MrBird', '获取字典信息', '0', 'cc.mrbird.system.controller.DictController.index()', '', '127.0.0.1', '2019-08-14 08:21:44', 'XX内网IP');
INSERT INTO `t_log` VALUES ('1037', 'MrBird', '获取部门信息', '0', 'cc.mrbird.basicInfo.controller.AreaController.index()', '', '127.0.0.1', '2019-08-14 08:22:00', null);
INSERT INTO `t_log` VALUES ('1038', 'MrBird', '访问系统', '0', 'cc.mrbird.system.controller.LoginController.index()', 'model: {\"user\":{\"userId\":4,\"username\":\"MrBird\",\"password\":\"42ee25d1e43e9f57119a00d0a39e5250\",\"deptId\":5,\"deptName\":null,\"email\":\"mrbird@hotmail.com\",\"mobile\":\"13455533222\",\"status\":\"1\",\"crateTime\":\"2017-12-27 15:47:19\",\"modifyTime\":\"2018-03-21 09:05:12\",\"lastLoginTime\":\"2019-08-14 00:20:41\",\"ssex\":\"0\",\"theme\":\"green\",\"avatar\":\"default.jpg\",\"description\":\"我是作者。\",\"roleName\":null}}', '127.0.0.1', '2019-08-14 08:24:48', null);
INSERT INTO `t_log` VALUES ('1039', 'MrBird', '获取部门信息', '0', 'cc.mrbird.basicInfo.controller.AreaController.index()', '', '127.0.0.1', '2019-08-14 08:24:53', 'XX内网IP');
INSERT INTO `t_log` VALUES ('1040', 'MrBird', '访问系统', '0', 'cc.mrbird.system.controller.LoginController.index()', 'model: {\"user\":{\"userId\":4,\"username\":\"MrBird\",\"password\":\"42ee25d1e43e9f57119a00d0a39e5250\",\"deptId\":5,\"deptName\":null,\"email\":\"mrbird@hotmail.com\",\"mobile\":\"13455533222\",\"status\":\"1\",\"crateTime\":\"2017-12-27 15:47:19\",\"modifyTime\":\"2018-03-21 09:05:12\",\"lastLoginTime\":\"2019-08-14 08:21:17\",\"ssex\":\"0\",\"theme\":\"green\",\"avatar\":\"default.jpg\",\"description\":\"我是作者。\",\"roleName\":null}}', '127.0.0.1', '2019-08-14 08:28:39', '127.0.0.1');
INSERT INTO `t_log` VALUES ('1041', 'MrBird', '获取部门信息', '2', 'cc.mrbird.basicInfo.controller.AreaController.index()', '', '127.0.0.1', '2019-08-14 08:28:43', '127.0.0.1');
INSERT INTO `t_log` VALUES ('1042', 'MrBird', '访问系统', '0', 'cc.mrbird.system.controller.LoginController.index()', 'model: {\"user\":{\"userId\":4,\"username\":\"MrBird\",\"password\":\"42ee25d1e43e9f57119a00d0a39e5250\",\"deptId\":5,\"deptName\":null,\"email\":\"mrbird@hotmail.com\",\"mobile\":\"13455533222\",\"status\":\"1\",\"crateTime\":\"2017-12-27 15:47:19\",\"modifyTime\":\"2018-03-21 09:05:12\",\"lastLoginTime\":\"2019-08-14 08:21:17\",\"ssex\":\"0\",\"theme\":\"green\",\"avatar\":\"default.jpg\",\"description\":\"我是作者。\",\"roleName\":null}}', '127.0.0.1', '2019-08-14 08:29:30', '127.0.0.1');
INSERT INTO `t_log` VALUES ('1043', 'MrBird', '获取部门信息', '0', 'cc.mrbird.basicInfo.controller.AreaController.index()', '', '127.0.0.1', '2019-08-14 08:29:32', '127.0.0.1');
INSERT INTO `t_log` VALUES ('1044', 'MrBird', '访问系统', '1', 'cc.mrbird.system.controller.LoginController.index()', 'model: {\"user\":{\"userId\":4,\"username\":\"MrBird\",\"password\":\"42ee25d1e43e9f57119a00d0a39e5250\",\"deptId\":5,\"deptName\":null,\"email\":\"mrbird@hotmail.com\",\"mobile\":\"13455533222\",\"status\":\"1\",\"crateTime\":\"2017-12-27 15:47:19\",\"modifyTime\":\"2018-03-21 09:05:12\",\"lastLoginTime\":\"2019-08-14 08:28:38\",\"ssex\":\"0\",\"theme\":\"green\",\"avatar\":\"default.jpg\",\"description\":\"我是作者。\",\"roleName\":null}}', '127.0.0.1', '2019-08-14 08:42:13', '127.0.0.1');
INSERT INTO `t_log` VALUES ('1045', 'MrBird', '获取部门信息', '7', 'cc.mrbird.basicInfo.controller.AreaController.index()', '', '127.0.0.1', '2019-08-14 08:42:16', '127.0.0.1');
INSERT INTO `t_log` VALUES ('1046', 'MrBird', '获取部门信息', '0', 'cc.mrbird.basicInfo.controller.AreaController.index()', '', '127.0.0.1', '2019-08-14 08:42:30', '127.0.0.1');
INSERT INTO `t_log` VALUES ('1047', 'MrBird', '访问系统', '0', 'cc.mrbird.system.controller.LoginController.index()', 'model: {\"user\":{\"userId\":4,\"username\":\"MrBird\",\"password\":\"42ee25d1e43e9f57119a00d0a39e5250\",\"deptId\":5,\"deptName\":null,\"email\":\"mrbird@hotmail.com\",\"mobile\":\"13455533222\",\"status\":\"1\",\"crateTime\":\"2017-12-27 15:47:19\",\"modifyTime\":\"2018-03-21 09:05:12\",\"lastLoginTime\":\"2019-08-14 08:28:38\",\"ssex\":\"0\",\"theme\":\"green\",\"avatar\":\"default.jpg\",\"description\":\"我是作者。\",\"roleName\":null}}', '127.0.0.1', '2019-08-14 08:51:45', '127.0.0.1');
INSERT INTO `t_log` VALUES ('1048', 'MrBird', '获取部门信息', '0', 'cc.mrbird.basicInfo.controller.AreaController.index()', '', '127.0.0.1', '2019-08-14 08:51:48', '127.0.0.1');
INSERT INTO `t_log` VALUES ('1049', 'MrBird', '访问系统', '0', 'cc.mrbird.system.controller.LoginController.index()', 'model: {\"user\":{\"userId\":4,\"username\":\"MrBird\",\"password\":\"42ee25d1e43e9f57119a00d0a39e5250\",\"deptId\":5,\"deptName\":null,\"email\":\"mrbird@hotmail.com\",\"mobile\":\"13455533222\",\"status\":\"1\",\"crateTime\":\"2017-12-27 15:47:19\",\"modifyTime\":\"2018-03-21 09:05:12\",\"lastLoginTime\":\"2019-08-14 08:28:38\",\"ssex\":\"0\",\"theme\":\"green\",\"avatar\":\"default.jpg\",\"description\":\"我是作者。\",\"roleName\":null}}', '127.0.0.1', '2019-08-14 08:58:05', '127.0.0.1');
INSERT INTO `t_log` VALUES ('1050', 'MrBird', '获取部门信息', '0', 'cc.mrbird.basicInfo.controller.AreaController.index()', '', '127.0.0.1', '2019-08-14 08:58:07', '127.0.0.1');
INSERT INTO `t_log` VALUES ('1051', 'MrBird', '获取用户信息', '35', 'cc.mrbird.system.controller.UserController.userList()', 'request: {\"pageSize\":10,\"pageNum\":1}  user: {\"userId\":null,\"username\":\"\",\"password\":null,\"deptId\":null,\"deptName\":null,\"email\":null,\"mobile\":null,\"status\":\"\",\"crateTime\":null,\"modifyTime\":null,\"lastLoginTime\":null,\"ssex\":\"\",\"theme\":null,\"avatar\":null,\"description\":null,\"roleName\":null}', '127.0.0.1', '2019-08-14 09:01:14', '127.0.0.1');
INSERT INTO `t_log` VALUES ('1052', 'MrBird', '获取用户信息', '6', 'cc.mrbird.system.controller.UserController.userList()', 'request: {\"pageSize\":10,\"pageNum\":1}  user: {\"userId\":null,\"username\":\"\",\"password\":null,\"deptId\":null,\"deptName\":null,\"email\":null,\"mobile\":null,\"status\":\"\",\"crateTime\":null,\"modifyTime\":null,\"lastLoginTime\":null,\"ssex\":\"\",\"theme\":null,\"avatar\":null,\"description\":null,\"roleName\":null}', '127.0.0.1', '2019-08-14 09:16:27', '127.0.0.1');
INSERT INTO `t_log` VALUES ('1053', 'MrBird', '访问系统', '0', 'cc.mrbird.system.controller.LoginController.index()', 'model: {\"user\":{\"userId\":4,\"username\":\"MrBird\",\"password\":\"42ee25d1e43e9f57119a00d0a39e5250\",\"deptId\":5,\"deptName\":null,\"email\":\"mrbird@hotmail.com\",\"mobile\":\"13455533222\",\"status\":\"1\",\"crateTime\":\"2017-12-27 15:47:19\",\"modifyTime\":\"2018-03-21 09:05:12\",\"lastLoginTime\":\"2019-08-14 08:28:38\",\"ssex\":\"0\",\"theme\":\"green\",\"avatar\":\"default.jpg\",\"description\":\"我是作者。\",\"roleName\":null}}', '127.0.0.1', '2019-08-14 09:20:24', '127.0.0.1');
INSERT INTO `t_log` VALUES ('1054', 'MrBird', '获取部门信息', '0', 'cc.mrbird.basicInfo.controller.AreaController.index()', '', '127.0.0.1', '2019-08-14 09:20:26', '127.0.0.1');
INSERT INTO `t_log` VALUES ('1055', 'MrBird', '访问系统', '0', 'cc.mrbird.system.controller.LoginController.index()', 'model: {\"user\":{\"userId\":4,\"username\":\"MrBird\",\"password\":\"42ee25d1e43e9f57119a00d0a39e5250\",\"deptId\":5,\"deptName\":null,\"email\":\"mrbird@hotmail.com\",\"mobile\":\"13455533222\",\"status\":\"1\",\"crateTime\":\"2017-12-27 15:47:19\",\"modifyTime\":\"2018-03-21 09:05:12\",\"lastLoginTime\":\"2019-08-14 08:28:38\",\"ssex\":\"0\",\"theme\":\"green\",\"avatar\":\"default.jpg\",\"description\":\"我是作者。\",\"roleName\":null}}', '127.0.0.1', '2019-08-14 09:23:33', '127.0.0.1');
INSERT INTO `t_log` VALUES ('1056', 'MrBird', '获取部门信息', '0', 'cc.mrbird.basicInfo.controller.AreaController.index()', '', '127.0.0.1', '2019-08-14 09:23:36', '127.0.0.1');
INSERT INTO `t_log` VALUES ('1057', 'MrBird', '获取用户信息', '7', 'cc.mrbird.system.controller.UserController.userList()', 'request: {\"pageSize\":10,\"pageNum\":1}  user: {\"userId\":null,\"username\":\"\",\"password\":null,\"deptId\":null,\"deptName\":null,\"email\":null,\"mobile\":null,\"status\":\"\",\"crateTime\":null,\"modifyTime\":null,\"lastLoginTime\":null,\"ssex\":\"\",\"theme\":null,\"avatar\":null,\"description\":null,\"roleName\":null}', '127.0.0.1', '2019-08-14 09:23:57', '127.0.0.1');
INSERT INTO `t_log` VALUES ('1058', 'MrBird', '访问系统', '0', 'cc.mrbird.system.controller.LoginController.index()', 'model: {\"user\":{\"userId\":4,\"username\":\"MrBird\",\"password\":\"42ee25d1e43e9f57119a00d0a39e5250\",\"deptId\":5,\"deptName\":null,\"email\":\"mrbird@hotmail.com\",\"mobile\":\"13455533222\",\"status\":\"1\",\"crateTime\":\"2017-12-27 15:47:19\",\"modifyTime\":\"2018-03-21 09:05:12\",\"lastLoginTime\":\"2019-08-14 08:42:13\",\"ssex\":\"0\",\"theme\":\"green\",\"avatar\":\"default.jpg\",\"description\":\"我是作者。\",\"roleName\":null}}', '127.0.0.1', '2019-08-14 10:04:53', '127.0.0.1');
INSERT INTO `t_log` VALUES ('1059', 'MrBird', '获取用户信息', '10', 'cc.mrbird.system.controller.UserController.userList()', 'request: {\"pageSize\":10,\"pageNum\":1}  user: {\"userId\":null,\"username\":\"\",\"password\":null,\"deptId\":null,\"deptName\":null,\"email\":null,\"mobile\":null,\"status\":\"\",\"crateTime\":null,\"modifyTime\":null,\"lastLoginTime\":null,\"ssex\":\"\",\"theme\":null,\"avatar\":null,\"description\":null,\"roleName\":null}', '127.0.0.1', '2019-08-14 10:04:55', '127.0.0.1');
INSERT INTO `t_log` VALUES ('1060', 'MrBird', '访问系统', '0', 'cc.mrbird.system.controller.LoginController.index()', 'model: {\"user\":{\"userId\":4,\"username\":\"MrBird\",\"password\":\"42ee25d1e43e9f57119a00d0a39e5250\",\"deptId\":5,\"deptName\":null,\"email\":\"mrbird@hotmail.com\",\"mobile\":\"13455533222\",\"status\":\"1\",\"crateTime\":\"2017-12-27 15:47:19\",\"modifyTime\":\"2018-03-21 09:05:12\",\"lastLoginTime\":\"2019-08-14 08:42:13\",\"ssex\":\"0\",\"theme\":\"green\",\"avatar\":\"default.jpg\",\"description\":\"我是作者。\",\"roleName\":null}}', '127.0.0.1', '2019-08-14 10:08:00', '127.0.0.1');
INSERT INTO `t_log` VALUES ('1061', 'MrBird', '获取区域信息', '1', 'cc.mrbird.basicInfo.controller.AreaController.index()', '', '127.0.0.1', '2019-08-14 10:08:03', '127.0.0.1');
INSERT INTO `t_log` VALUES ('1062', 'MrBird', '获取用户信息', '9', 'cc.mrbird.system.controller.UserController.userList()', 'request: {\"pageSize\":10,\"pageNum\":1}  user: {\"userId\":null,\"username\":\"\",\"password\":null,\"deptId\":null,\"deptName\":null,\"email\":null,\"mobile\":null,\"status\":\"\",\"crateTime\":null,\"modifyTime\":null,\"lastLoginTime\":null,\"ssex\":\"\",\"theme\":null,\"avatar\":null,\"description\":null,\"roleName\":null}', '127.0.0.1', '2019-08-14 10:09:00', '127.0.0.1');
INSERT INTO `t_log` VALUES ('1063', 'MrBird', '获取区域信息', '0', 'cc.mrbird.basicInfo.controller.AreaController.index()', '', '127.0.0.1', '2019-08-14 10:09:31', '127.0.0.1');
INSERT INTO `t_log` VALUES ('1064', 'MrBird', '访问系统', '0', 'cc.mrbird.system.controller.LoginController.index()', 'model: {\"user\":{\"userId\":4,\"username\":\"MrBird\",\"password\":\"42ee25d1e43e9f57119a00d0a39e5250\",\"deptId\":5,\"deptName\":null,\"email\":\"mrbird@hotmail.com\",\"mobile\":\"13455533222\",\"status\":\"1\",\"crateTime\":\"2017-12-27 15:47:19\",\"modifyTime\":\"2018-03-21 09:05:12\",\"lastLoginTime\":\"2019-08-14 08:42:13\",\"ssex\":\"0\",\"theme\":\"green\",\"avatar\":\"default.jpg\",\"description\":\"我是作者。\",\"roleName\":null}}', '127.0.0.1', '2019-08-14 10:11:04', '127.0.0.1');
INSERT INTO `t_log` VALUES ('1065', 'MrBird', '获取区域信息', '0', 'cc.mrbird.basicInfo.controller.AreaController.index()', '', '127.0.0.1', '2019-08-14 10:11:06', '127.0.0.1');
INSERT INTO `t_log` VALUES ('1066', 'MrBird', '访问系统', '0', 'cc.mrbird.system.controller.LoginController.index()', 'model: {\"user\":{\"userId\":4,\"username\":\"MrBird\",\"password\":\"42ee25d1e43e9f57119a00d0a39e5250\",\"deptId\":5,\"deptName\":null,\"email\":\"mrbird@hotmail.com\",\"mobile\":\"13455533222\",\"status\":\"1\",\"crateTime\":\"2017-12-27 15:47:19\",\"modifyTime\":\"2018-03-21 09:05:12\",\"lastLoginTime\":\"2019-08-14 08:42:13\",\"ssex\":\"0\",\"theme\":\"green\",\"avatar\":\"default.jpg\",\"description\":\"我是作者。\",\"roleName\":null}}', '127.0.0.1', '2019-08-14 10:11:36', '127.0.0.1');
INSERT INTO `t_log` VALUES ('1067', 'MrBird', '获取区域信息', '0', 'cc.mrbird.basicInfo.controller.AreaController.index()', '', '127.0.0.1', '2019-08-14 10:11:38', '127.0.0.1');
INSERT INTO `t_log` VALUES ('1068', 'MrBird', '访问系统', '0', 'cc.mrbird.system.controller.LoginController.index()', 'model: {\"user\":{\"userId\":4,\"username\":\"MrBird\",\"password\":\"42ee25d1e43e9f57119a00d0a39e5250\",\"deptId\":5,\"deptName\":null,\"email\":\"mrbird@hotmail.com\",\"mobile\":\"13455533222\",\"status\":\"1\",\"crateTime\":\"2017-12-27 15:47:19\",\"modifyTime\":\"2018-03-21 09:05:12\",\"lastLoginTime\":\"2019-08-14 08:42:13\",\"ssex\":\"0\",\"theme\":\"green\",\"avatar\":\"default.jpg\",\"description\":\"我是作者。\",\"roleName\":null}}', '127.0.0.1', '2019-08-14 10:12:49', '127.0.0.1');
INSERT INTO `t_log` VALUES ('1069', 'MrBird', '获取区域信息', '0', 'cc.mrbird.basicInfo.controller.AreaController.index()', '', '127.0.0.1', '2019-08-14 10:12:51', '127.0.0.1');
INSERT INTO `t_log` VALUES ('1070', 'MrBird', '删除区域', '19', 'cc.mrbird.basicInfo.controller.AreaController.deleteAreas()', 'ids: \"001\"', '127.0.0.1', '2019-08-14 10:13:58', '127.0.0.1');
INSERT INTO `t_log` VALUES ('1071', 'MrBird', '访问系统', '0', 'cc.mrbird.system.controller.LoginController.index()', 'model: {\"user\":{\"userId\":4,\"username\":\"MrBird\",\"password\":\"42ee25d1e43e9f57119a00d0a39e5250\",\"deptId\":5,\"deptName\":null,\"email\":\"mrbird@hotmail.com\",\"mobile\":\"13455533222\",\"status\":\"1\",\"crateTime\":\"2017-12-27 15:47:19\",\"modifyTime\":\"2018-03-21 09:05:12\",\"lastLoginTime\":\"2019-08-14 08:42:13\",\"ssex\":\"0\",\"theme\":\"green\",\"avatar\":\"default.jpg\",\"description\":\"我是作者。\",\"roleName\":null}}', '127.0.0.1', '2019-08-14 10:15:12', '127.0.0.1');
INSERT INTO `t_log` VALUES ('1072', 'MrBird', '获取区域信息', '2', 'cc.mrbird.basicInfo.controller.AreaController.index()', '', '127.0.0.1', '2019-08-14 10:15:14', '127.0.0.1');
INSERT INTO `t_log` VALUES ('1073', 'MrBird', '删除区域', '5', 'cc.mrbird.basicInfo.controller.AreaController.deleteArea()', 'ids: \"001\"', '127.0.0.1', '2019-08-14 10:15:30', '127.0.0.1');
INSERT INTO `t_log` VALUES ('1074', 'MrBird', '访问系统', '3', 'cc.mrbird.system.controller.LoginController.index()', 'model: {\"user\":{\"userId\":4,\"username\":\"MrBird\",\"password\":\"42ee25d1e43e9f57119a00d0a39e5250\",\"deptId\":5,\"deptName\":null,\"email\":\"mrbird@hotmail.com\",\"mobile\":\"13455533222\",\"status\":\"1\",\"crateTime\":\"2017-12-27 15:47:19\",\"modifyTime\":\"2018-03-21 09:05:12\",\"lastLoginTime\":\"2019-08-14 08:42:13\",\"ssex\":\"0\",\"theme\":\"green\",\"avatar\":\"default.jpg\",\"description\":\"我是作者。\",\"roleName\":null}}', '127.0.0.1', '2019-08-14 10:18:08', '127.0.0.1');
INSERT INTO `t_log` VALUES ('1075', 'MrBird', '获取区域信息', '2', 'cc.mrbird.basicInfo.controller.AreaController.index()', '', '127.0.0.1', '2019-08-14 10:18:12', '127.0.0.1');
INSERT INTO `t_log` VALUES ('1076', 'MrBird', '删除区域', '32', 'cc.mrbird.basicInfo.controller.AreaController.deleteArea()', 'ids: \"001\"', '127.0.0.1', '2019-08-14 10:18:16', '127.0.0.1');
INSERT INTO `t_log` VALUES ('1077', 'MrBird', '访问系统', '0', 'cc.mrbird.system.controller.LoginController.index()', 'model: {\"user\":{\"userId\":4,\"username\":\"MrBird\",\"password\":\"42ee25d1e43e9f57119a00d0a39e5250\",\"deptId\":5,\"deptName\":null,\"email\":\"mrbird@hotmail.com\",\"mobile\":\"13455533222\",\"status\":\"1\",\"crateTime\":\"2017-12-27 15:47:19\",\"modifyTime\":\"2018-03-21 09:05:12\",\"lastLoginTime\":\"2019-08-14 08:42:13\",\"ssex\":\"0\",\"theme\":\"green\",\"avatar\":\"default.jpg\",\"description\":\"我是作者。\",\"roleName\":null}}', '127.0.0.1', '2019-08-14 10:20:30', '127.0.0.1');
INSERT INTO `t_log` VALUES ('1078', 'MrBird', '获取区域信息', '0', 'cc.mrbird.basicInfo.controller.AreaController.index()', '', '127.0.0.1', '2019-08-14 10:20:32', '127.0.0.1');
INSERT INTO `t_log` VALUES ('1079', 'MrBird', '新增区域', '16', 'cc.mrbird.basicInfo.controller.AreaController.addArea()', 'area: {\"areaCode\":\"1002\",\"provinceName\":\"湖南省\",\"cityName\":\"长沙市\",\"country\":\"天心区\"}', '127.0.0.1', '2019-08-14 10:20:50', '127.0.0.1');
INSERT INTO `t_log` VALUES ('1080', 'MrBird', '访问系统', '0', 'cc.mrbird.system.controller.LoginController.index()', 'model: {\"user\":{\"userId\":4,\"username\":\"MrBird\",\"password\":\"42ee25d1e43e9f57119a00d0a39e5250\",\"deptId\":5,\"deptName\":null,\"email\":\"mrbird@hotmail.com\",\"mobile\":\"13455533222\",\"status\":\"1\",\"crateTime\":\"2017-12-27 15:47:19\",\"modifyTime\":\"2018-03-21 09:05:12\",\"lastLoginTime\":\"2019-08-14 08:42:13\",\"ssex\":\"0\",\"theme\":\"green\",\"avatar\":\"default.jpg\",\"description\":\"我是作者。\",\"roleName\":null}}', '127.0.0.1', '2019-08-14 10:22:42', '127.0.0.1');
INSERT INTO `t_log` VALUES ('1081', 'MrBird', '获取区域信息', '0', 'cc.mrbird.basicInfo.controller.AreaController.index()', '', '127.0.0.1', '2019-08-14 10:22:45', '127.0.0.1');
INSERT INTO `t_log` VALUES ('1082', 'MrBird', '获取用户信息', '16', 'cc.mrbird.system.controller.UserController.userList()', 'request: {\"pageSize\":10,\"pageNum\":1}  user: {\"userId\":null,\"username\":\"\",\"password\":null,\"deptId\":null,\"deptName\":null,\"email\":null,\"mobile\":null,\"status\":\"\",\"crateTime\":null,\"modifyTime\":null,\"lastLoginTime\":null,\"ssex\":\"\",\"theme\":null,\"avatar\":null,\"description\":null,\"roleName\":null}', '127.0.0.1', '2019-08-14 10:23:02', '127.0.0.1');
INSERT INTO `t_log` VALUES ('1083', 'MrBird', '获取区域信息', '0', 'cc.mrbird.basicInfo.controller.AreaController.index()', '', '127.0.0.1', '2019-08-14 10:23:12', '127.0.0.1');
INSERT INTO `t_log` VALUES ('1084', 'MrBird', '访问系统', '0', 'cc.mrbird.system.controller.LoginController.index()', 'model: {\"user\":{\"userId\":4,\"username\":\"MrBird\",\"password\":\"42ee25d1e43e9f57119a00d0a39e5250\",\"deptId\":5,\"deptName\":null,\"email\":\"mrbird@hotmail.com\",\"mobile\":\"13455533222\",\"status\":\"1\",\"crateTime\":\"2017-12-27 15:47:19\",\"modifyTime\":\"2018-03-21 09:05:12\",\"lastLoginTime\":\"2019-08-14 08:42:13\",\"ssex\":\"0\",\"theme\":\"green\",\"avatar\":\"default.jpg\",\"description\":\"我是作者。\",\"roleName\":null}}', '127.0.0.1', '2019-08-14 10:24:39', '127.0.0.1');
INSERT INTO `t_log` VALUES ('1085', 'MrBird', '获取区域信息', '0', 'cc.mrbird.basicInfo.controller.AreaController.index()', '', '127.0.0.1', '2019-08-14 10:24:42', '127.0.0.1');
INSERT INTO `t_log` VALUES ('1086', 'MrBird', '访问系统', '0', 'cc.mrbird.system.controller.LoginController.index()', 'model: {\"user\":{\"userId\":4,\"username\":\"MrBird\",\"password\":\"42ee25d1e43e9f57119a00d0a39e5250\",\"deptId\":5,\"deptName\":null,\"email\":\"mrbird@hotmail.com\",\"mobile\":\"13455533222\",\"status\":\"1\",\"crateTime\":\"2017-12-27 15:47:19\",\"modifyTime\":\"2018-03-21 09:05:12\",\"lastLoginTime\":\"2019-08-14 08:42:13\",\"ssex\":\"0\",\"theme\":\"green\",\"avatar\":\"default.jpg\",\"description\":\"我是作者。\",\"roleName\":null}}', '127.0.0.1', '2019-08-14 10:25:13', '127.0.0.1');
INSERT INTO `t_log` VALUES ('1087', 'MrBird', '获取区域信息', '0', 'cc.mrbird.basicInfo.controller.AreaController.index()', '', '127.0.0.1', '2019-08-14 10:25:16', '127.0.0.1');
INSERT INTO `t_log` VALUES ('1088', 'MrBird', '修改区域', '11', 'cc.mrbird.basicInfo.controller.AreaController.updateArea()', 'area: {\"areaCode\":\"1001\",\"provinceName\":\"湖南省\",\"cityName\":\"长沙市\",\"country\":\"雨花区\"}', '127.0.0.1', '2019-08-14 10:25:30', '127.0.0.1');
INSERT INTO `t_log` VALUES ('1089', 'MrBird', '访问系统', '4', 'cc.mrbird.system.controller.LoginController.index()', 'model: {\"user\":{\"userId\":4,\"username\":\"MrBird\",\"password\":\"42ee25d1e43e9f57119a00d0a39e5250\",\"deptId\":5,\"deptName\":null,\"email\":\"mrbird@hotmail.com\",\"mobile\":\"13455533222\",\"status\":\"1\",\"crateTime\":\"2017-12-27 15:47:19\",\"modifyTime\":\"2018-03-21 09:05:12\",\"lastLoginTime\":\"2019-08-14 08:42:13\",\"ssex\":\"0\",\"theme\":\"green\",\"avatar\":\"default.jpg\",\"description\":\"我是作者。\",\"roleName\":null}}', '127.0.0.1', '2019-08-14 10:48:43', '127.0.0.1');
INSERT INTO `t_log` VALUES ('1090', 'MrBird', '访问系统', '0', 'cc.mrbird.system.controller.LoginController.index()', 'model: {\"user\":{\"userId\":4,\"username\":\"MrBird\",\"password\":\"42ee25d1e43e9f57119a00d0a39e5250\",\"deptId\":5,\"deptName\":null,\"email\":\"mrbird@hotmail.com\",\"mobile\":\"13455533222\",\"status\":\"1\",\"crateTime\":\"2017-12-27 15:47:19\",\"modifyTime\":\"2018-03-21 09:05:12\",\"lastLoginTime\":\"2019-08-14 08:42:13\",\"ssex\":\"0\",\"theme\":\"green\",\"avatar\":\"default.jpg\",\"description\":\"我是作者。\",\"roleName\":null}}', '127.0.0.1', '2019-08-14 10:48:53', '127.0.0.1');
INSERT INTO `t_log` VALUES ('1091', 'MrBird', '获取区域信息', '4', 'cc.mrbird.basicInfo.controller.AreaController.index()', '', '127.0.0.1', '2019-08-14 10:48:56', '127.0.0.1');
INSERT INTO `t_log` VALUES ('1092', 'MrBird', '获取用户信息', '14', 'cc.mrbird.system.controller.UserController.userList()', 'request: {\"pageSize\":10,\"pageNum\":1}  user: {\"userId\":null,\"username\":\"\",\"password\":null,\"deptId\":null,\"deptName\":null,\"email\":null,\"mobile\":null,\"status\":\"\",\"crateTime\":null,\"modifyTime\":null,\"lastLoginTime\":null,\"ssex\":\"\",\"theme\":null,\"avatar\":null,\"description\":null,\"roleName\":null}', '127.0.0.1', '2019-08-14 11:01:53', '127.0.0.1');
INSERT INTO `t_log` VALUES ('1093', 'MrBird', '获取用户信息', '10', 'cc.mrbird.system.controller.UserController.userList()', 'request: {\"pageSize\":10,\"pageNum\":1}  user: {\"userId\":null,\"username\":\"\",\"password\":null,\"deptId\":null,\"deptName\":null,\"email\":null,\"mobile\":null,\"status\":\"\",\"crateTime\":null,\"modifyTime\":null,\"lastLoginTime\":null,\"ssex\":\"0\",\"theme\":null,\"avatar\":null,\"description\":null,\"roleName\":null}', '127.0.0.1', '2019-08-14 11:01:57', '127.0.0.1');
INSERT INTO `t_log` VALUES ('1094', 'MrBird', '获取用户信息', '5', 'cc.mrbird.system.controller.UserController.userList()', 'request: {\"pageSize\":10,\"pageNum\":1}  user: {\"userId\":null,\"username\":\"ford\",\"password\":null,\"deptId\":null,\"deptName\":null,\"email\":null,\"mobile\":null,\"status\":\"\",\"crateTime\":null,\"modifyTime\":null,\"lastLoginTime\":null,\"ssex\":\"0\",\"theme\":null,\"avatar\":null,\"description\":null,\"roleName\":null}', '127.0.0.1', '2019-08-14 11:02:10', '127.0.0.1');
INSERT INTO `t_log` VALUES ('1095', 'MrBird', '访问系统', '3', 'cc.mrbird.system.controller.LoginController.index()', 'model: {\"user\":{\"userId\":4,\"username\":\"MrBird\",\"password\":\"42ee25d1e43e9f57119a00d0a39e5250\",\"deptId\":5,\"deptName\":null,\"email\":\"mrbird@hotmail.com\",\"mobile\":\"13455533222\",\"status\":\"1\",\"crateTime\":\"2017-12-27 15:47:19\",\"modifyTime\":\"2018-03-21 09:05:12\",\"lastLoginTime\":\"2019-08-14 08:42:13\",\"ssex\":\"0\",\"theme\":\"green\",\"avatar\":\"default.jpg\",\"description\":\"我是作者。\",\"roleName\":null}}', '127.0.0.1', '2019-08-14 11:12:43', '127.0.0.1');
INSERT INTO `t_log` VALUES ('1096', 'MrBird', '访问系统', '0', 'cc.mrbird.system.controller.LoginController.index()', 'model: {\"user\":{\"userId\":4,\"username\":\"MrBird\",\"password\":\"42ee25d1e43e9f57119a00d0a39e5250\",\"deptId\":5,\"deptName\":null,\"email\":\"mrbird@hotmail.com\",\"mobile\":\"13455533222\",\"status\":\"1\",\"crateTime\":\"2017-12-27 15:47:19\",\"modifyTime\":\"2018-03-21 09:05:12\",\"lastLoginTime\":\"2019-08-14 08:42:13\",\"ssex\":\"0\",\"theme\":\"green\",\"avatar\":\"default.jpg\",\"description\":\"我是作者。\",\"roleName\":null}}', '127.0.0.1', '2019-08-14 11:12:47', '127.0.0.1');
INSERT INTO `t_log` VALUES ('1097', 'MrBird', '获取区域信息', '2', 'cc.mrbird.basicInfo.controller.AreaController.index()', '', '127.0.0.1', '2019-08-14 11:12:50', '127.0.0.1');
INSERT INTO `t_log` VALUES ('1098', 'MrBird', '获取区域信息', '0', 'cc.mrbird.basicInfo.controller.AreaController.index()', '', '127.0.0.1', '2019-08-14 11:15:53', '127.0.0.1');
INSERT INTO `t_log` VALUES ('1099', 'MrBird', '访问系统', '0', 'cc.mrbird.system.controller.LoginController.index()', 'model: {\"user\":{\"userId\":4,\"username\":\"MrBird\",\"password\":\"42ee25d1e43e9f57119a00d0a39e5250\",\"deptId\":5,\"deptName\":null,\"email\":\"mrbird@hotmail.com\",\"mobile\":\"13455533222\",\"status\":\"1\",\"crateTime\":\"2017-12-27 15:47:19\",\"modifyTime\":\"2018-03-21 09:05:12\",\"lastLoginTime\":\"2019-08-14 08:42:13\",\"ssex\":\"0\",\"theme\":\"green\",\"avatar\":\"default.jpg\",\"description\":\"我是作者。\",\"roleName\":null}}', '127.0.0.1', '2019-08-14 11:38:25', '127.0.0.1');
INSERT INTO `t_log` VALUES ('1100', 'MrBird', '获取区域信息', '2', 'cc.mrbird.basicInfo.controller.AreaController.index()', '', '127.0.0.1', '2019-08-14 11:38:29', '127.0.0.1');
INSERT INTO `t_log` VALUES ('1101', 'MrBird', '访问系统', '4', 'cc.mrbird.system.controller.LoginController.index()', 'model: {\"user\":{\"userId\":4,\"username\":\"MrBird\",\"password\":\"42ee25d1e43e9f57119a00d0a39e5250\",\"deptId\":5,\"deptName\":null,\"email\":\"mrbird@hotmail.com\",\"mobile\":\"13455533222\",\"status\":\"1\",\"crateTime\":\"2017-12-27 15:47:19\",\"modifyTime\":\"2018-03-21 09:05:12\",\"lastLoginTime\":\"2019-08-14 08:42:13\",\"ssex\":\"0\",\"theme\":\"green\",\"avatar\":\"default.jpg\",\"description\":\"我是作者。\",\"roleName\":null}}', '127.0.0.1', '2019-08-14 11:49:25', '127.0.0.1');
INSERT INTO `t_log` VALUES ('1102', 'MrBird', '访问系统', '0', 'cc.mrbird.system.controller.LoginController.index()', 'model: {\"user\":{\"userId\":4,\"username\":\"MrBird\",\"password\":\"42ee25d1e43e9f57119a00d0a39e5250\",\"deptId\":5,\"deptName\":null,\"email\":\"mrbird@hotmail.com\",\"mobile\":\"13455533222\",\"status\":\"1\",\"crateTime\":\"2017-12-27 15:47:19\",\"modifyTime\":\"2018-03-21 09:05:12\",\"lastLoginTime\":\"2019-08-14 08:42:13\",\"ssex\":\"0\",\"theme\":\"green\",\"avatar\":\"default.jpg\",\"description\":\"我是作者。\",\"roleName\":null}}', '127.0.0.1', '2019-08-14 11:49:29', '127.0.0.1');
INSERT INTO `t_log` VALUES ('1103', 'MrBird', '获取区域信息', '3', 'cc.mrbird.basicInfo.controller.AreaController.index()', '', '127.0.0.1', '2019-08-14 11:49:38', '127.0.0.1');

-- ----------------------------
-- Table structure for `t_menu`
-- ----------------------------
DROP TABLE IF EXISTS `t_menu`;
CREATE TABLE `t_menu` (
  `MENU_ID` bigint(20) NOT NULL auto_increment COMMENT '菜单/按钮ID',
  `PARENT_ID` bigint(20) NOT NULL COMMENT '上级菜单ID',
  `MENU_NAME` varchar(50) NOT NULL COMMENT '菜单/按钮名称',
  `URL` varchar(100) default NULL COMMENT '菜单URL',
  `PERMS` text COMMENT '权限标识',
  `ICON` varchar(50) default NULL COMMENT '图标',
  `TYPE` char(2) NOT NULL COMMENT '类型 0菜单 1按钮',
  `ORDER_NUM` bigint(20) default NULL COMMENT '排序',
  `CREATE_TIME` datetime NOT NULL COMMENT '创建时间',
  `MODIFY_TIME` datetime default NULL COMMENT '修改时间',
  PRIMARY KEY  (`MENU_ID`)
) ENGINE=InnoDB DEFAULT CHARSET=utf8;

-- ----------------------------
-- Records of t_menu
-- ----------------------------
INSERT INTO `t_menu` VALUES ('1', '0', '系统管理', null, null, 'zmdi zmdi-settings', '0', '1', '2017-12-27 16:39:07', null);
INSERT INTO `t_menu` VALUES ('2', '0', '系统监控', null, null, 'zmdi zmdi-shield-security', '0', '2', '2017-12-27 16:45:51', '2018-01-17 17:08:28');
INSERT INTO `t_menu` VALUES ('3', '1', '用户管理', 'user', 'user:list', '', '0', '1', '2017-12-27 16:47:13', '2018-04-25 09:00:01');
INSERT INTO `t_menu` VALUES ('4', '1', '角色管理', 'role', 'role:list', '', '0', '2', '2017-12-27 16:48:09', '2018-04-25 09:01:12');
INSERT INTO `t_menu` VALUES ('5', '1', '菜单管理', 'menu', 'menu:list', '', '0', '3', '2017-12-27 16:48:57', '2018-04-25 09:01:30');
INSERT INTO `t_menu` VALUES ('6', '1', '部门管理', 'dept', 'dept:list', '', '0', '4', '2017-12-27 16:57:33', '2018-04-25 09:01:40');
INSERT INTO `t_menu` VALUES ('8', '2', '在线用户', 'session', 'session:list', '', '0', '1', '2017-12-27 16:59:33', '2018-04-25 09:02:04');
INSERT INTO `t_menu` VALUES ('10', '2', '系统日志', 'log', 'log:list', '', '0', '3', '2017-12-27 17:00:50', '2018-04-25 09:02:18');
INSERT INTO `t_menu` VALUES ('11', '3', '新增用户', null, 'user:add', null, '1', null, '2017-12-27 17:02:58', null);
INSERT INTO `t_menu` VALUES ('12', '3', '修改用户', null, 'user:update', null, '1', null, '2017-12-27 17:04:07', null);
INSERT INTO `t_menu` VALUES ('13', '3', '删除用户', null, 'user:delete', null, '1', null, '2017-12-27 17:04:58', null);
INSERT INTO `t_menu` VALUES ('14', '4', '新增角色', null, 'role:add', null, '1', null, '2017-12-27 17:06:38', null);
INSERT INTO `t_menu` VALUES ('15', '4', '修改角色', null, 'role:update', null, '1', null, '2017-12-27 17:06:38', null);
INSERT INTO `t_menu` VALUES ('16', '4', '删除角色', null, 'role:delete', null, '1', null, '2017-12-27 17:06:38', null);
INSERT INTO `t_menu` VALUES ('17', '5', '新增菜单', null, 'menu:add', null, '1', null, '2017-12-27 17:08:02', null);
INSERT INTO `t_menu` VALUES ('18', '5', '修改菜单', null, 'menu:update', null, '1', null, '2017-12-27 17:08:02', null);
INSERT INTO `t_menu` VALUES ('19', '5', '删除菜单', null, 'menu:delete', null, '1', null, '2017-12-27 17:08:02', null);
INSERT INTO `t_menu` VALUES ('20', '6', '新增部门', null, 'dept:add', null, '1', null, '2017-12-27 17:09:24', null);
INSERT INTO `t_menu` VALUES ('21', '6', '修改部门', null, 'dept:update', null, '1', null, '2017-12-27 17:09:24', null);
INSERT INTO `t_menu` VALUES ('22', '6', '删除部门', null, 'dept:delete', null, '1', null, '2017-12-27 17:09:24', null);
INSERT INTO `t_menu` VALUES ('23', '8', '踢出用户', null, 'user:kickout', null, '1', null, '2017-12-27 17:11:13', null);
INSERT INTO `t_menu` VALUES ('24', '10', '删除日志', null, 'log:delete', null, '1', null, '2017-12-27 17:11:45', null);
INSERT INTO `t_menu` VALUES ('58', '0', '网络资源', null, null, 'zmdi zmdi-globe-alt', '0', null, '2018-01-12 15:28:48', '2018-01-22 19:49:26');
INSERT INTO `t_menu` VALUES ('59', '58', '天气查询', 'weather', 'weather:list', '', '0', null, '2018-01-12 15:40:02', '2018-04-25 09:02:57');
INSERT INTO `t_menu` VALUES ('61', '58', '每日一文', 'article', 'article:list', '', '0', null, '2018-01-15 17:17:14', '2018-04-25 09:03:08');
INSERT INTO `t_menu` VALUES ('64', '1', '字典管理', 'dict', 'dict:list', '', '0', null, '2018-01-18 10:38:25', '2018-04-25 09:01:50');
INSERT INTO `t_menu` VALUES ('65', '64', '新增字典', null, 'dict:add', null, '1', null, '2018-01-18 19:10:08', null);
INSERT INTO `t_menu` VALUES ('66', '64', '修改字典', null, 'dict:update', null, '1', null, '2018-01-18 19:10:27', null);
INSERT INTO `t_menu` VALUES ('67', '64', '删除字典', null, 'dict:delete', null, '1', null, '2018-01-18 19:10:47', null);
INSERT INTO `t_menu` VALUES ('81', '58', '影视资讯', null, null, null, '0', null, '2018-01-22 14:12:59', null);
INSERT INTO `t_menu` VALUES ('82', '81', '正在热映', 'movie/hot', 'movie:hot', '', '0', null, '2018-01-22 14:13:47', '2018-04-25 09:03:48');
INSERT INTO `t_menu` VALUES ('83', '81', '即将上映', 'movie/coming', 'movie:coming', '', '0', null, '2018-01-22 14:14:36', '2018-04-25 09:04:05');
INSERT INTO `t_menu` VALUES ('86', '58', 'One 一个', null, null, null, '0', null, '2018-01-26 09:42:41', '2018-01-26 09:43:46');
INSERT INTO `t_menu` VALUES ('87', '86', '绘画', 'one/painting', 'one:painting', '', '0', null, '2018-01-26 09:47:14', '2018-04-25 09:04:17');
INSERT INTO `t_menu` VALUES ('88', '86', '语文', 'one/yuwen', 'one:yuwen', '', '0', null, '2018-01-26 09:47:40', '2018-04-25 09:04:30');
INSERT INTO `t_menu` VALUES ('89', '86', '散文', 'one/essay', 'one:essay', '', '0', null, '2018-01-26 09:48:05', '2018-04-25 09:04:42');
INSERT INTO `t_menu` VALUES ('101', '0', '任务调度', null, null, 'zmdi zmdi-alarm', '0', null, '2018-02-24 15:52:57', null);
INSERT INTO `t_menu` VALUES ('102', '101', '定时任务', 'job', 'job:list', '', '0', null, '2018-02-24 15:53:53', '2018-04-25 09:05:12');
INSERT INTO `t_menu` VALUES ('103', '102', '新增任务', null, 'job:add', null, '1', null, '2018-02-24 15:55:10', null);
INSERT INTO `t_menu` VALUES ('104', '102', '修改任务', null, 'job:update', null, '1', null, '2018-02-24 15:55:53', null);
INSERT INTO `t_menu` VALUES ('105', '102', '删除任务', null, 'job:delete', null, '1', null, '2018-02-24 15:56:18', null);
INSERT INTO `t_menu` VALUES ('106', '102', '暂停任务', null, 'job:pause', null, '1', null, '2018-02-24 15:57:08', null);
INSERT INTO `t_menu` VALUES ('107', '102', '恢复任务', null, 'job:resume', null, '1', null, '2018-02-24 15:58:21', null);
INSERT INTO `t_menu` VALUES ('108', '102', '立即执行任务', null, 'job:run', null, '1', null, '2018-02-24 15:59:45', null);
INSERT INTO `t_menu` VALUES ('109', '101', '调度日志', 'jobLog', 'jobLog:list', '', '0', null, '2018-02-24 16:00:45', '2018-04-25 09:05:25');
INSERT INTO `t_menu` VALUES ('110', '109', '删除日志', null, 'jobLog:delete', null, '1', null, '2018-02-24 16:01:21', null);
INSERT INTO `t_menu` VALUES ('203', '0', '基础信息管理', 'info', '', 'zmdi zmdi-settings', '0', null, '2019-08-13 22:30:28', null);
INSERT INTO `t_menu` VALUES ('205', '203', '地区管理', 'area', 'area:list', 'zmdi zmdi-pin-drop', '0', null, '2019-08-13 22:33:07', null);
INSERT INTO `t_menu` VALUES ('206', '205', '新增区域', '', 'area:add', '', '1', null, '2019-08-14 00:02:17', null);
INSERT INTO `t_menu` VALUES ('207', '205', '修改区域', '', 'area:update', '', '1', null, '2019-08-14 00:03:00', null);
INSERT INTO `t_menu` VALUES ('208', '205', '删除区域', '', 'area:delete', '', '1', null, '2019-08-14 00:03:24', null);

-- ----------------------------
-- Table structure for `t_role`
-- ----------------------------
DROP TABLE IF EXISTS `t_role`;
CREATE TABLE `t_role` (
  `ROLE_ID` bigint(20) NOT NULL auto_increment COMMENT '角色ID',
  `ROLE_NAME` varchar(100) NOT NULL COMMENT '角色名称',
  `REMARK` varchar(100) default NULL COMMENT '角色描述',
  `CREATE_TIME` datetime NOT NULL COMMENT '创建时间',
  `MODIFY_TIME` datetime default NULL COMMENT '修改时间',
  PRIMARY KEY  (`ROLE_ID`)
) ENGINE=InnoDB DEFAULT CHARSET=utf8;

-- ----------------------------
-- Records of t_role
-- ----------------------------
INSERT INTO `t_role` VALUES ('1', '管理员', '管理员', '2017-12-27 16:23:11', '2019-08-14 00:04:15');
INSERT INTO `t_role` VALUES ('2', '测试账号', '测试账号', '2017-12-27 16:25:09', '2018-01-23 09:11:11');
INSERT INTO `t_role` VALUES ('3', '注册账户', '注册账户，只可查看，不可操作', '2017-12-29 16:00:15', '2018-02-24 17:33:45');
INSERT INTO `t_role` VALUES ('23', '用户管理员', '负责用户的增删改操作', '2018-01-09 15:32:41', null);
INSERT INTO `t_role` VALUES ('24', '系统监控员', '可查看系统监控信息，但不可操作', '2018-01-09 15:52:01', '2018-03-07 19:05:33');
INSERT INTO `t_role` VALUES ('25', '用户查看', '查看用户，无相应操作权限', '2018-01-09 15:56:30', null);
INSERT INTO `t_role` VALUES ('63', '影院工作者', '可查看影视信息', '2018-02-06 08:48:28', '2018-03-07 19:05:26');
INSERT INTO `t_role` VALUES ('64', '天气预报员', '可查看天气预报信息', '2018-02-27 08:47:04', null);
INSERT INTO `t_role` VALUES ('65', '文章审核', '文章类', '2018-02-27 08:48:01', '2018-03-13 11:20:34');

-- ----------------------------
-- Table structure for `t_role_menu`
-- ----------------------------
DROP TABLE IF EXISTS `t_role_menu`;
CREATE TABLE `t_role_menu` (
  `ROLE_ID` bigint(20) NOT NULL COMMENT '角色ID',
  `MENU_ID` bigint(20) NOT NULL COMMENT '菜单/按钮ID'
) ENGINE=InnoDB DEFAULT CHARSET=utf8;

-- ----------------------------
-- Records of t_role_menu
-- ----------------------------
INSERT INTO `t_role_menu` VALUES ('3', '58');
INSERT INTO `t_role_menu` VALUES ('3', '59');
INSERT INTO `t_role_menu` VALUES ('3', '61');
INSERT INTO `t_role_menu` VALUES ('3', '81');
INSERT INTO `t_role_menu` VALUES ('3', '82');
INSERT INTO `t_role_menu` VALUES ('3', '83');
INSERT INTO `t_role_menu` VALUES ('3', '86');
INSERT INTO `t_role_menu` VALUES ('3', '87');
INSERT INTO `t_role_menu` VALUES ('3', '88');
INSERT INTO `t_role_menu` VALUES ('3', '89');
INSERT INTO `t_role_menu` VALUES ('3', '1');
INSERT INTO `t_role_menu` VALUES ('3', '3');
INSERT INTO `t_role_menu` VALUES ('3', '4');
INSERT INTO `t_role_menu` VALUES ('3', '5');
INSERT INTO `t_role_menu` VALUES ('3', '6');
INSERT INTO `t_role_menu` VALUES ('3', '64');
INSERT INTO `t_role_menu` VALUES ('3', '2');
INSERT INTO `t_role_menu` VALUES ('3', '8');
INSERT INTO `t_role_menu` VALUES ('3', '10');
INSERT INTO `t_role_menu` VALUES ('3', '101');
INSERT INTO `t_role_menu` VALUES ('3', '102');
INSERT INTO `t_role_menu` VALUES ('3', '109');
INSERT INTO `t_role_menu` VALUES ('63', '58');
INSERT INTO `t_role_menu` VALUES ('63', '81');
INSERT INTO `t_role_menu` VALUES ('63', '82');
INSERT INTO `t_role_menu` VALUES ('63', '83');
INSERT INTO `t_role_menu` VALUES ('24', '8');
INSERT INTO `t_role_menu` VALUES ('24', '2');
INSERT INTO `t_role_menu` VALUES ('24', '10');
INSERT INTO `t_role_menu` VALUES ('65', '86');
INSERT INTO `t_role_menu` VALUES ('65', '88');
INSERT INTO `t_role_menu` VALUES ('65', '89');
INSERT INTO `t_role_menu` VALUES ('65', '58');
INSERT INTO `t_role_menu` VALUES ('65', '61');
INSERT INTO `t_role_menu` VALUES ('2', '81');
INSERT INTO `t_role_menu` VALUES ('2', '61');
INSERT INTO `t_role_menu` VALUES ('2', '24');
INSERT INTO `t_role_menu` VALUES ('2', '82');
INSERT INTO `t_role_menu` VALUES ('2', '83');
INSERT INTO `t_role_menu` VALUES ('2', '58');
INSERT INTO `t_role_menu` VALUES ('2', '59');
INSERT INTO `t_role_menu` VALUES ('2', '2');
INSERT INTO `t_role_menu` VALUES ('2', '8');
INSERT INTO `t_role_menu` VALUES ('2', '10');
INSERT INTO `t_role_menu` VALUES ('23', '11');
INSERT INTO `t_role_menu` VALUES ('23', '12');
INSERT INTO `t_role_menu` VALUES ('23', '13');
INSERT INTO `t_role_menu` VALUES ('23', '3');
INSERT INTO `t_role_menu` VALUES ('23', '1');
INSERT INTO `t_role_menu` VALUES ('25', '1');
INSERT INTO `t_role_menu` VALUES ('25', '3');
INSERT INTO `t_role_menu` VALUES ('64', '59');
INSERT INTO `t_role_menu` VALUES ('64', '58');
INSERT INTO `t_role_menu` VALUES ('1', '59');
INSERT INTO `t_role_menu` VALUES ('1', '2');
INSERT INTO `t_role_menu` VALUES ('1', '3');
INSERT INTO `t_role_menu` VALUES ('1', '67');
INSERT INTO `t_role_menu` VALUES ('1', '1');
INSERT INTO `t_role_menu` VALUES ('1', '4');
INSERT INTO `t_role_menu` VALUES ('1', '5');
INSERT INTO `t_role_menu` VALUES ('1', '6');
INSERT INTO `t_role_menu` VALUES ('1', '20');
INSERT INTO `t_role_menu` VALUES ('1', '21');
INSERT INTO `t_role_menu` VALUES ('1', '22');
INSERT INTO `t_role_menu` VALUES ('1', '10');
INSERT INTO `t_role_menu` VALUES ('1', '8');
INSERT INTO `t_role_menu` VALUES ('1', '58');
INSERT INTO `t_role_menu` VALUES ('1', '66');
INSERT INTO `t_role_menu` VALUES ('1', '11');
INSERT INTO `t_role_menu` VALUES ('1', '12');
INSERT INTO `t_role_menu` VALUES ('1', '64');
INSERT INTO `t_role_menu` VALUES ('1', '13');
INSERT INTO `t_role_menu` VALUES ('1', '14');
INSERT INTO `t_role_menu` VALUES ('1', '65');
INSERT INTO `t_role_menu` VALUES ('1', '15');
INSERT INTO `t_role_menu` VALUES ('1', '16');
INSERT INTO `t_role_menu` VALUES ('1', '17');
INSERT INTO `t_role_menu` VALUES ('1', '18');
INSERT INTO `t_role_menu` VALUES ('1', '23');
INSERT INTO `t_role_menu` VALUES ('1', '81');
INSERT INTO `t_role_menu` VALUES ('1', '82');
INSERT INTO `t_role_menu` VALUES ('1', '83');
INSERT INTO `t_role_menu` VALUES ('1', '19');
INSERT INTO `t_role_menu` VALUES ('1', '24');
INSERT INTO `t_role_menu` VALUES ('1', '61');
INSERT INTO `t_role_menu` VALUES ('1', '86');
INSERT INTO `t_role_menu` VALUES ('1', '87');
INSERT INTO `t_role_menu` VALUES ('1', '88');
INSERT INTO `t_role_menu` VALUES ('1', '89');
INSERT INTO `t_role_menu` VALUES ('1', '101');
INSERT INTO `t_role_menu` VALUES ('1', '102');
INSERT INTO `t_role_menu` VALUES ('1', '103');
INSERT INTO `t_role_menu` VALUES ('1', '104');
INSERT INTO `t_role_menu` VALUES ('1', '105');
INSERT INTO `t_role_menu` VALUES ('1', '106');
INSERT INTO `t_role_menu` VALUES ('1', '107');
INSERT INTO `t_role_menu` VALUES ('1', '108');
INSERT INTO `t_role_menu` VALUES ('1', '109');
INSERT INTO `t_role_menu` VALUES ('1', '110');
INSERT INTO `t_role_menu` VALUES ('1', '203');
INSERT INTO `t_role_menu` VALUES ('1', '205');
INSERT INTO `t_role_menu` VALUES ('1', '206');
INSERT INTO `t_role_menu` VALUES ('1', '207');
INSERT INTO `t_role_menu` VALUES ('1', '208');

-- ----------------------------
-- Table structure for `t_user`
-- ----------------------------
DROP TABLE IF EXISTS `t_user`;
CREATE TABLE `t_user` (
  `USER_ID` int(11) NOT NULL auto_increment COMMENT '用户ID',
  `USERNAME` varchar(50) NOT NULL COMMENT '用户名',
  `PASSWORD` varchar(128) NOT NULL COMMENT '密码',
  `DEPT_ID` bigint(20) default NULL COMMENT '部门ID',
  `EMAIL` varchar(128) default NULL COMMENT '邮箱',
  `MOBILE` varchar(20) default NULL COMMENT '联系电话',
  `STATUS` char(1) NOT NULL COMMENT '状态 0锁定 1有效',
  `CRATE_TIME` datetime NOT NULL COMMENT '创建时间',
  `MODIFY_TIME` datetime default NULL COMMENT '修改时间',
  `LAST_LOGIN_TIME` datetime default NULL COMMENT '最近访问时间',
  `SSEX` char(1) default NULL COMMENT '性别 0男 1女',
  `THEME` varchar(10) default NULL COMMENT '主题',
  `AVATAR` varchar(100) default NULL COMMENT '头像',
  `DESCRIPTION` varchar(100) default NULL COMMENT '描述',
  `SCHOOL_ID` int(11) default NULL,
  `CLASS_ID` int(11) default NULL,
  `TITLE` varchar(50) default NULL,
  `CONTACT` varchar(50) default NULL,
  `EMER_PHONE` varchar(11) default NULL,
  `RECENT_LOCATION` varchar(50) default NULL,
  PRIMARY KEY  (`USER_ID`),
  KEY `FK_Reference_12` (`SCHOOL_ID`),
  KEY `FK_Reference_16` (`CLASS_ID`),
  CONSTRAINT `FK_Reference_12` FOREIGN KEY (`SCHOOL_ID`) REFERENCES `jcc_school_info` (`school_id`),
  CONSTRAINT `FK_Reference_16` FOREIGN KEY (`CLASS_ID`) REFERENCES `jcc_class_info` (`class_id`)
) ENGINE=InnoDB DEFAULT CHARSET=utf8;

-- ----------------------------
-- Records of t_user
-- ----------------------------
INSERT INTO `t_user` VALUES ('4', 'MrBird', '42ee25d1e43e9f57119a00d0a39e5250', '5', 'mrbird@hotmail.com', '13455533222', '1', '2017-12-27 15:47:19', '2018-03-21 09:05:12', '2019-08-14 10:04:53', '0', 'green', 'default.jpg', '我是作者。', null, null, null, null, null, null);
INSERT INTO `t_user` VALUES ('6', 'tester', '243e29429b340192700677d48c09d992', '6', 'tester@qq.com', '13888888888', '1', '2017-12-27 17:35:14', '2018-03-27 09:21:08', '2018-01-23 09:17:27', '1', 'teal', 'default.jpg', null, null, null, null, null, null, null);
INSERT INTO `t_user` VALUES ('23', 'scott', 'ac3af72d9f95161a502fd326865c2f15', '6', 'scott@qq.com', '15134627380', '1', '2017-12-29 16:16:39', '2018-03-29 16:18:36', '2018-03-20 17:59:04', '0', 'blue-grey', 'default.jpg', '我是scott，嗯嗯', null, null, null, null, null, null);
INSERT INTO `t_user` VALUES ('24', 'smith', '228208eafc74e48c44619cc543fc0efe', '3', 'smith@qq.com', '13364754932', '1', '2017-12-29 16:21:31', '2018-02-27 08:48:16', '2018-02-27 08:48:27', '1', 'teal', 'default.jpg', null, null, null, null, null, null, null);
INSERT INTO `t_user` VALUES ('25', 'allen', '83baac97928a113986054efacaeec1d2', '3', 'allen@qq.com', '13427374857', '0', '2017-12-29 16:21:54', '2018-01-17 11:28:16', null, '1', 'indigo', 'default.jpg', null, null, null, null, null, null, null);
INSERT INTO `t_user` VALUES ('26', 'martin', 'b26c9edca9a61016bca1f6fb042e679e', '4', 'martin@qq.com', '15562736678', '1', '2017-12-29 16:22:24', '2018-01-25 09:23:15', '2018-01-25 17:24:50', '1', 'teal', 'default.jpg', null, null, null, null, null, null, null);
INSERT INTO `t_user` VALUES ('27', 'ford', '0448f0dcfd856b0e831842072b532141', '6', 'ford@qq.com', '15599998373', '0', '2017-12-29 16:22:52', '2018-03-13 11:19:56', '2018-03-08 16:31:59', '0', 'cyan', 'default.jpg', null, null, null, null, null, null, null);
INSERT INTO `t_user` VALUES ('91', '系统监控员', '7c28d1cd33414ac15832f7be92668b7a', '6', 'xtjk@qq.com', '18088736652', '1', '2018-01-09 15:52:56', null, '2018-01-09 15:53:12', '0', 'cyan', 'default.jpg', null, null, null, null, null, null, null);

-- ----------------------------
-- Table structure for `t_user_role`
-- ----------------------------
DROP TABLE IF EXISTS `t_user_role`;
CREATE TABLE `t_user_role` (
  `USER_ID` bigint(20) NOT NULL COMMENT '用户ID',
  `ROLE_ID` bigint(20) NOT NULL COMMENT '角色ID'
) ENGINE=InnoDB DEFAULT CHARSET=utf8;

-- ----------------------------
-- Records of t_user_role
-- ----------------------------
INSERT INTO `t_user_role` VALUES ('27', '3');
INSERT INTO `t_user_role` VALUES ('24', '65');
INSERT INTO `t_user_role` VALUES ('26', '3');
INSERT INTO `t_user_role` VALUES ('26', '23');
INSERT INTO `t_user_role` VALUES ('26', '24');
INSERT INTO `t_user_role` VALUES ('25', '3');
INSERT INTO `t_user_role` VALUES ('91', '24');
INSERT INTO `t_user_role` VALUES ('4', '1');
INSERT INTO `t_user_role` VALUES ('6', '1');
INSERT INTO `t_user_role` VALUES ('6', '2');
INSERT INTO `t_user_role` VALUES ('6', '3');
INSERT INTO `t_user_role` VALUES ('6', '25');
INSERT INTO `t_user_role` VALUES ('6', '63');
INSERT INTO `t_user_role` VALUES ('23', '2');
INSERT INTO `t_user_role` VALUES ('23', '3');
INSERT INTO `t_user_role` VALUES ('23', '23');
INSERT INTO `t_user_role` VALUES ('23', '24');
INSERT INTO `t_user_role` VALUES ('23', '25');
